name,version,filename,packagetype,python_version,requires_python,url,size,sha256,upload_time_iso_8601,yanked,metadata_api,metadata_http_status,metadata_final_url,metadata_sha256
bottle,0.13.2,bottle-0.13.2-py2.py3-none-any.whl,bdist_wheel,py2.py3,,https://files.pythonhosted.org/packages/7e/0a/a5260c758ff813acc6967344339aa7ba15f815575f4d49141685c4345d39/bottle-0.13.2-py2.py3-none-any.whl,104053,27569ab8d1332fbba3e400b3baab2227ab4efb4882ff147af05a7c00ed73409c,2024-10-12T12:29:16.698241Z,False,https://pypi.org/pypi/bottle/0.13.2/json,200,https://pypi.org/pypi/bottle/0.13.2/json,dccaf602911db117e027a454af1502c4970117c6f3ff6813b22bb344f5e385da
bottle,0.13.2,bottle-0.13.2.tar.gz,sdist,source,,https://files.pythonhosted.org/packages/1b/fb/97839b95c2a2ea1ca91877a846988f90f4ca16ee42c0bb79e079171c0c06/bottle-0.13.2.tar.gz,98472,e53803b9d298c7d343d00ba7d27b0059415f04b9f6f40b8d58b5bf914ba9d348,2024-10-12T12:29:18.179458Z,False,https://pypi.org/pypi/bottle/0.13.2/json,200,https://pypi.org/pypi/bottle/0.13.2/json,dccaf602911db117e027a454af1502c4970117c6f3ff6813b22bb344f5e385da
docopt,0.6.2,docopt-0.6.2.tar.gz,sdist,source,,https://files.pythonhosted.org/packages/a2/55/8f8cab2afd404cf578136ef2cc5dfb50baa1761b68c9da1fb1e4eed343c9/docopt-0.6.2.tar.gz,25901,49b3a825280bd66b3aa83585ef59c4a8c82f2c8a522dbe754a8bc8d08c85c491,2014-06-16T11:18:57.406351Z,False,https://pypi.org/pypi/docopt/0.6.2/json,200,https://pypi.org/pypi/docopt/0.6.2/json,aedfede8a53188bb77f91759db52bf482efe4934cb6e77879cfd96fa921c8801
fasteners,0.19,fasteners-0.19-py3-none-any.whl,bdist_wheel,py3,>=3.6,https://files.pythonhosted.org/packages/61/bf/fd60001b3abc5222d8eaa4a204cd8c0ae78e75adc688f33ce4bf25b7fafa/fasteners-0.19-py3-none-any.whl,18679,758819cb5d94cdedf4e836988b74de396ceacb8e2794d21f82d131fd9ee77237,2023-09-19T17:11:18.725026Z,False,https://pypi.org/pypi/fasteners/0.19/json,200,https://pypi.org/pypi/fasteners/0.19/json,19787302a193d4ed7010286b8750bec8a7ec486bbba85aaf1b283acaf7110996
fasteners,0.19,fasteners-0.19.tar.gz,sdist,source,>=3.6,https://files.pythonhosted.org/packages/5f/d4/e834d929be54bfadb1f3e3b931c38e956aaa3b235a46a3c764c26c774902/fasteners-0.19.tar.gz,24832,b4f37c3ac52d8a445af3a66bce57b33b5e90b97c696b7b984f530cf8f0ded09c,2023-09-19T17:11:20.228211Z,False,https://pypi.org/pypi/fasteners/0.19/json,200,https://pypi.org/pypi/fasteners/0.19/json,19787302a193d4ed7010286b8750bec8a7ec486bbba85aaf1b283acaf7110996
Jinja2,3.1.4,jinja2-3.1.4-py3-none-any.whl,bdist_wheel,py3,>=3.7,https://files.pythonhosted.org/packages/31/80/3a54838c3fb461f6fec263ebf3a3a41771bd05190238de3486aae8540c36/jinja2-3.1.4-py3-none-any.whl,133271,bc5dd2abb727a5319567b7a813e6a2e7318c39f4f487cfe6c89c6f9c7d25197d,2024-05-05T23:41:59.928923Z,False,https://pypi.org/pypi/Jinja2/3.1.4/json,200,https://pypi.org/pypi/Jinja2/3.1.4/json,783ed1c834b9efd24602b8a74b8f84e511e0e5c21d4cef744850c7d34d6786ab
Jinja2,3.1.4,jinja2-3.1.4.tar.gz,sdist,source,>=3.7,https://files.pythonhosted.org/packages/ed/55/39036716d19cab0747a5020fc7e907f362fbf48c984b14e62127f7e68e5d/jinja2-3.1.4.tar.gz,240245,4a3aee7acbbe7303aede8e9648d13b8bf88a429282aa6122a993f0ac800cb369,2024-05-05T23:42:02.455073Z,False,https://pypi.org/pypi/Jinja2/3.1.4/json,200,https://pypi.org/pypi/Jinja2/3.1.4/json,783ed1c834b9efd24602b8a74b8f84e511e0e5c21d4cef744850c7d34d6786ab
jsonschema,4.23.0,jsonschema-4.23.0-py3-none-any.whl,bdist_wheel,py3,>=3.8,https://files.pythonhosted.org/packages/69/4a/4f9dbeb84e8850557c02365a0eee0649abe5eb1d84af92a25731c6c0f922/jsonschema-4.23.0-py3-none-any.whl,88462,fbadb6f8b144a8f8cf9f0b89ba94501d143e50411a1278633f56a7acf7fd5566,2024-07-08T18:40:00.165365Z,False,https://pypi.org/pypi/jsonschema/4.23.0/json,200,https://pypi.org/pypi/jsonschema/4.23.0/json,d3dbd3231e74a925ede39a13da820cd72d05d67b4d1af3f1c896c95b42794f9d
jsonschema,4.23.0,jsonschema-4.23.0.tar.gz,sdist,source,>=3.8,https://files.pythonhosted.org/packages/38/2e/03362ee4034a4c917f697890ccd4aec0800ccf9ded7f511971c75451deec/jsonschema-4.23.0.tar.gz,325778,d71497fef26351a33265337fa77ffeb82423f3ea21283cd9467bb03999266bc4,2024-07-08T18:40:05.546878Z,False,https://pypi.org/pypi/jsonschema/4.23.0/json,200,https://pypi.org/pypi/jsonschema/4.23.0/json,d3dbd3231e74a925ede39a13da820cd72d05d67b4d1af3f1c896c95b42794f9d
pyOpenSSL,24.2.1,pyOpenSSL-24.2.1-py3-none-any.whl,bdist_wheel,py3,>=3.7,https://files.pythonhosted.org/packages/d9/dd/e0aa7ebef5168c75b772eda64978c597a9129b46be17779054652a7999e4/pyOpenSSL-24.2.1-py3-none-any.whl,58390,967d5719b12b243588573f39b0c677637145c7a1ffedcd495a487e58177fbb8d,2024-07-20T17:26:29.057359Z,False,https://pypi.org/pypi/pyOpenSSL/24.2.1/json,200,https://pypi.org/pypi/pyOpenSSL/24.2.1/json,bb7213de33f95d006c8f607dc34198d3d64e80887ab6eb10d1eff25635092ccb
pyOpenSSL,24.2.1,pyopenssl-24.2.1.tar.gz,sdist,source,>=3.7,https://files.pythonhosted.org/packages/5d/70/ff56a63248562e77c0c8ee4aefc3224258f1856977e0c1472672b62dadb8/pyopenssl-24.2.1.tar.gz,184323,4247f0dbe3748d560dcbb2ff3ea01af0f9a1a001ef5f7c4c647956ed8cbf0e95,2024-07-20T17:26:31.252798Z,False,https://pypi.org/pypi/pyOpenSSL/24.2.1/json,200,https://pypi.org/pypi/pyOpenSSL/24.2.1/json,bb7213de33f95d006c8f607dc34198d3d64e80887ab6eb10d1eff25635092ccb
python-crontab,3.3.0,python_crontab-3.3.0-py3-none-any.whl,bdist_wheel,py3,,https://files.pythonhosted.org/packages/47/42/bb4afa5b088f64092036221843fc989b7db9d9d302494c1f8b024ee78a46/python_crontab-3.3.0-py3-none-any.whl,27533,739a778b1a771379b75654e53fd4df58e5c63a9279a63b5dfe44c0fcc3ee7884,2025-07-13T20:05:34.266036Z,False,https://pypi.org/pypi/python-crontab/3.3.0/json,200,https://pypi.org/pypi/python-crontab/3.3.0/json,a380cde4e6efad8411d9435ec2819684ee99f9d0dab4c5889937cfc8f44aa637
python-crontab,3.3.0,python_crontab-3.3.0.tar.gz,sdist,source,,https://files.pythonhosted.org/packages/99/7f/c54fb7e70b59844526aa4ae321e927a167678660ab51dda979955eafb89a/python_crontab-3.3.0.tar.gz,57626,007c8aee68dddf3e04ec4dce0fac124b93bd68be7470fc95d2a9617a15de291b,2025-07-13T20:05:35.535881Z,False,https://pypi.org/pypi/python-crontab/3.3.0/json,200,https://pypi.org/pypi/python-crontab/3.3.0/json,a380cde4e6efad8411d9435ec2819684ee99f9d0dab4c5889937cfc8f44aa637
python-dateutil,2.9.0,python-dateutil-2.9.0.tar.gz,sdist,source,"!=3.0.*,!=3.1.*,!=3.2.*,>=2.7",https://files.pythonhosted.org/packages/d9/77/bd458a2e387e98f71de86dcc2ca2cab64489736004c80bc12b70da8b5488/python-dateutil-2.9.0.tar.gz,342990,78e73e19c63f5b20ffa567001531680d939dc042bf7850431877645523c66709,2024-03-01T03:52:54.963234Z,False,https://pypi.org/pypi/python-dateutil/2.9.0/json,200,https://pypi.org/pypi/python-dateutil/2.9.0/json,8cdd6bf9fcc43d769206565d13ff9088a917a922f196241448a763b36f9e18f8
python-dateutil,2.9.0,python_dateutil-2.9.0-py2.py3-none-any.whl,bdist_wheel,py2.py3,"!=3.0.*,!=3.1.*,!=3.2.*,>=2.7",https://files.pythonhosted.org/packages/13/7f/98d6f9ca8b731506c85785bbb8806c01f5966a4df6d68c0d1cf3b16967e1/python_dateutil-2.9.0-py2.py3-none-any.whl,230495,cbf2f1da5e6083ac2fbfd4da39a25f34312230110440f424a14c7558bb85d82e,2024-03-01T03:52:51.479771Z,False,https://pypi.org/pypi/python-dateutil/2.9.0/json,200,https://pypi.org/pypi/python-dateutil/2.9.0/json,8cdd6bf9fcc43d769206565d13ff9088a917a922f196241448a763b36f9e18f8
python-debian,0.1.49,python-debian-0.1.49.tar.gz,sdist,source,>=3.5,https://files.pythonhosted.org/packages/ce/8d/2ebc549adf1f623d4044b108b30ff5cdac5756b0384cd9dddac63fe53eae/python-debian-0.1.49.tar.gz,121690,8cf677a30dbcb4be7a99536c17e11308a827a4d22028dc59a67f6c6dd3f0f58c,2022-11-20T00:44:57.725258Z,False,https://pypi.org/pypi/python-debian/0.1.49/json,200,https://pypi.org/pypi/python-debian/0.1.49/json,824b5befe1697073557d36a209d7635520484007c06ab40c5053ebef9aa42883
python-debian,0.1.49,python_debian-0.1.49-py3-none-any.whl,bdist_wheel,py3,>=3.5,https://files.pythonhosted.org/packages/9c/37/6e38e7aafa55c1257f63ca9f575e8e3cf2560c896c5202a16c9f33ee7657/python_debian-0.1.49-py3-none-any.whl,132460,880f3bc52e31599f2a9b432bd7691844286825087fccdcf2f6ffd5cd79a26f9f,2022-11-20T00:44:50.180920Z,False,https://pypi.org/pypi/python-debian/0.1.49/json,200,https://pypi.org/pypi/python-debian/0.1.49/json,824b5befe1697073557d36a209d7635520484007c06ab40c5053ebef9aa42883
python-debian,0.1.49,python_debian-0.1.49-py3.9.egg,bdist_egg,3.9,>=3.5,https://files.pythonhosted.org/packages/73/39/ae8e1a8002e5d080db1d2efead41b755f4a4f1700be70c78e48b666740a0/python_debian-0.1.49-py3.9.egg,131476,bb943755de23ae448102f334ae74417085a7fe1c6d673d8e5608e67d13c9109f,2022-11-20T00:44:53.926166Z,False,https://pypi.org/pypi/python-debian/0.1.49/json,200,https://pypi.org/pypi/python-debian/0.1.49/json,824b5befe1697073557d36a209d7635520484007c06ab40c5053ebef9aa42883
PyYAML,6.0.2,PyYAML-6.0.2-cp310-cp310-macosx_10_9_x86_64.whl,bdist_wheel,cp310,>=3.8,https://files.pythonhosted.org/packages/9b/95/a3fac87cb7158e231b5a6012e438c647e1a87f09f8e0d123acec8ab8bf71/PyYAML-6.0.2-cp310-cp310-macosx_10_9_x86_64.whl,184199,0a9a2848a5b7feac301353437eb7d5957887edbf81d56e903999a75a3d743086,2024-08-06T20:31:40.178426Z,False,https://pypi.org/pypi/PyYAML/6.0.2/json,200,https://pypi.org/pypi/PyYAML/6.0.2/json,b0c0c215b80dbd5afc17cf6962b43a64c8234b468fb7185c56fa4174f0b1c648
PyYAML,6.0.2,PyYAML-6.0.2-cp310-cp310-macosx_11_0_arm64.whl,bdist_wheel,cp310,>=3.8,https://files.pythonhosted.org/packages/c7/7a/68bd47624dab8fd4afbfd3c48e3b79efe09098ae941de5b58abcbadff5cb/PyYAML-6.0.2-cp310-cp310-macosx_11_0_arm64.whl,171758,29717114e51c84ddfba879543fb232a6ed60086602313ca38cce623c1d62cfbf,2024-08-06T20:31:42.173802Z,False,https://pypi.org/pypi/PyYAML/6.0.2/json,200,https://pypi.org/pypi/PyYAML/6.0.2/json,b0c0c215b80dbd5afc17cf6962b43a64c8234b468fb7185c56fa4174f0b1c648
PyYAML,6.0.2,PyYAML-6.0.2-cp310-cp310-manylinux_2_17_aarch64.manylinux2014_aarch64.whl,bdist_wheel,cp310,>=3.8,https://files.pythonhosted.org/packages/49/ee/14c54df452143b9ee9f0f29074d7ca5516a36edb0b4cc40c3f280131656f/PyYAML-6.0.2-cp310-cp310-manylinux_2_17_aarch64.manylinux2014_aarch64.whl,718463,8824b5a04a04a047e72eea5cec3bc266db09e35de6bdfe34c9436ac5ee27d237,2024-08-06T20:31:44.263882Z,False,https://pypi.org/pypi/PyYAML/6.0.2/json,200,https://pypi.org/pypi/PyYAML/6.0.2/json,b0c0c215b80dbd5afc17cf6962b43a64c8234b468fb7185c56fa4174f0b1c648
PyYAML,6.0.2,PyYAML-6.0.2-cp310-cp310-manylinux_2_17_s390x.manylinux2014_s390x.whl,bdist_wheel,cp310,>=3.8,https://files.pythonhosted.org/packages/4d/61/de363a97476e766574650d742205be468921a7b532aa2499fcd886b62530/PyYAML-6.0.2-cp310-cp310-manylinux_2_17_s390x.manylinux2014_s390x.whl,719280,7c36280e6fb8385e520936c3cb3b8042851904eba0e58d277dca80a5cfed590b,2024-08-06T20:31:50.199416Z,False,https://pypi.org/pypi/PyYAML/6.0.2/json,200,https://pypi.org/pypi/PyYAML/6.0.2/json,b0c0c215b80dbd5afc17cf6962b43a64c8234b468fb7185c56fa4174f0b1c648
PyYAML,6.0.2,PyYAML-6.0.2-cp310-cp310-manylinux_2_17_x86_64.manylinux2014_x86_64.whl,bdist_wheel,cp310,>=3.8,https://files.pythonhosted.org/packages/6b/4e/1523cb902fd98355e2e9ea5e5eb237cbc5f3ad5f3075fa65087aa0ecb669/PyYAML-6.0.2-cp310-cp310-manylinux_2_17_x86_64.manylinux2014_x86_64.whl,751239,ec031d5d2feb36d1d1a24380e4db6d43695f3748343d99434e6f5f9156aaa2ed,2024-08-06T20:31:52.292053Z,False,https://pypi.org/pypi/PyYAML/6.0.2/json,200,https://pypi.org/pypi/PyYAML/6.0.2/json,b0c0c215b80dbd5afc17cf6962b43a64c8234b468fb7185c56fa4174f0b1c648
PyYAML,6.0.2,PyYAML-6.0.2-cp310-cp310-musllinux_1_1_aarch64.whl,bdist_wheel,cp310,>=3.8,https://files.pythonhosted.org/packages/b7/33/5504b3a9a4464893c32f118a9cc045190a91637b119a9c881da1cf6b7a72/PyYAML-6.0.2-cp310-cp310-musllinux_1_1_aarch64.whl,695802,936d68689298c36b53b29f23c6dbb74de12b4ac12ca6cfe0e047bedceea56180,2024-08-06T20:31:53.836745Z,False,https://pypi.org/pypi/PyYAML/6.0.2/json,200,https://pypi.org/pypi/PyYAML/6.0.2/json,b0c0c215b80dbd5afc17cf6962b43a64c8234b468fb7185c56fa4174f0b1c648
PyYAML,6.0.2,PyYAML-6.0.2-cp310-cp310-musllinux_1_1_x86_64.whl,bdist_wheel,cp310,>=3.8,https://files.pythonhosted.org/packages/5c/20/8347dcabd41ef3a3cdc4f7b7a2aff3d06598c8779faa189cdbf878b626a4/PyYAML-6.0.2-cp310-cp310-musllinux_1_1_x86_64.whl,720527,23502f431948090f597378482b4812b0caae32c22213aecf3b55325e049a6c68,2024-08-06T20:31:55.565997Z,False,https://pypi.org/pypi/PyYAML/6.0.2/json,200,https://pypi.org/pypi/PyYAML/6.0.2/json,b0c0c215b80dbd5afc17cf6962b43a64c8234b468fb7185c56fa4174f0b1c648
PyYAML,6.0.2,PyYAML-6.0.2-cp310-cp310-win32.whl,bdist_wheel,cp310,>=3.8,https://files.pythonhosted.org/packages/be/aa/5afe99233fb360d0ff37377145a949ae258aaab831bde4792b32650a4378/PyYAML-6.0.2-cp310-cp310-win32.whl,144052,2e99c6826ffa974fe6e27cdb5ed0021786b03fc98e5ee3c5bfe1fd5015f42b99,2024-08-06T20:31:56.914115Z,False,https://pypi.org/pypi/PyYAML/6.0.2/json,200,https://pypi.org/pypi/PyYAML/6.0.2/json,b0c0c215b80dbd5afc17cf6962b43a64c8234b468fb7185c56fa4174f0b1c648
PyYAML,6.0.2,PyYAML-6.0.2-cp310-cp310-win_amd64.whl,bdist_wheel,cp310,>=3.8,https://files.pythonhosted.org/packages/b5/84/0fa4b06f6d6c958d207620fc60005e241ecedceee58931bb20138e1e5776/PyYAML-6.0.2-cp310-cp310-win_amd64.whl,161774,a4d3091415f010369ae4ed1fc6b79def9416358877534caf6a0fdd2146c87a3e,2024-08-06T20:31:58.304097Z,False,https://pypi.org/pypi/PyYAML/6.0.2/json,200,https://pypi.org/pypi/PyYAML/6.0.2/json,b0c0c215b80dbd5afc17cf6962b43a64c8234b468fb7185c56fa4174f0b1c648
PyYAML,6.0.2,PyYAML-6.0.2-cp311-cp311-macosx_10_9_x86_64.whl,bdist_wheel,cp311,>=3.8,https://files.pythonhosted.org/packages/f8/aa/7af4e81f7acba21a4c6be026da38fd2b872ca46226673c89a758ebdc4fd2/PyYAML-6.0.2-cp311-cp311-macosx_10_9_x86_64.whl,184612,cc1c1159b3d456576af7a3e4d1ba7e6924cb39de8f67111c735f6fc832082774,2024-08-06T20:32:03.408794Z,False,https://pypi.org/pypi/PyYAML/6.0.2/json,200,https://pypi.org/pypi/PyYAML/6.0.2/json,b0c0c215b80dbd5afc17cf6962b43a64c8234b468fb7185c56fa4174f0b1c648
PyYAML,6.0.2,PyYAML-6.0.2-cp311-cp311-macosx_11_0_arm64.whl,bdist_wheel,cp311,>=3.8,https://files.pythonhosted.org/packages/8b/62/b9faa998fd185f65c1371643678e4d58254add437edb764a08c5a98fb986/PyYAML-6.0.2-cp311-cp311-macosx_11_0_arm64.whl,172040,1e2120ef853f59c7419231f3bf4e7021f1b936f6ebd222406c3b60212205d2ee,2024-08-06T20:32:04.926548Z,False,https://pypi.org/pypi/PyYAML/6.0.2/json,200,https://pypi.org/pypi/PyYAML/6.0.2/json,b0c0c215b80dbd5afc17cf6962b43a64c8234b468fb7185c56fa4174f0b1c648
PyYAML,6.0.2,PyYAML-6.0.2-cp311-cp311-manylinux_2_17_aarch64.manylinux2014_aarch64.whl,bdist_wheel,cp311,>=3.8,https://files.pythonhosted.org/packages/ad/0c/c804f5f922a9a6563bab712d8dcc70251e8af811fce4524d57c2c0fd49a4/PyYAML-6.0.2-cp311-cp311-manylinux_2_17_aarch64.manylinux2014_aarch64.whl,736829,5d225db5a45f21e78dd9358e58a98702a0302f2659a3c6cd320564b75b86f47c,2024-08-06T20:32:06.459164Z,False,https://pypi.org/pypi/PyYAML/6.0.2/json,200,https://pypi.org/pypi/PyYAML/6.0.2/json,b0c0c215b80dbd5afc17cf6962b43a64c8234b468fb7185c56fa4174f0b1c648
PyYAML,6.0.2,PyYAML-6.0.2-cp311-cp311-manylinux_2_17_s390x.manylinux2014_s390x.whl,bdist_wheel,cp311,>=3.8,https://files.pythonhosted.org/packages/51/16/6af8d6a6b210c8e54f1406a6b9481febf9c64a3109c541567e35a49aa2e7/PyYAML-6.0.2-cp311-cp311-manylinux_2_17_s390x.manylinux2014_s390x.whl,764167,5ac9328ec4831237bec75defaf839f7d4564be1e6b25ac710bd1a96321cc8317,2024-08-06T20:32:08.338325Z,False,https://pypi.org/pypi/PyYAML/6.0.2/json,200,https://pypi.org/pypi/PyYAML/6.0.2/json,b0c0c215b80dbd5afc17cf6962b43a64c8234b468fb7185c56fa4174f0b1c648
PyYAML,6.0.2,PyYAML-6.0.2-cp311-cp311-manylinux_2_17_x86_64.manylinux2014_x86_64.whl,bdist_wheel,cp311,>=3.8,https://files.pythonhosted.org/packages/75/e4/2c27590dfc9992f73aabbeb9241ae20220bd9452df27483b6e56d3975cc5/PyYAML-6.0.2-cp311-cp311-manylinux_2_17_x86_64.manylinux2014_x86_64.whl,762952,3ad2a3decf9aaba3d29c8f537ac4b243e36bef957511b4766cb0057d32b0be85,2024-08-06T20:32:14.124356Z,False,https://pypi.org/pypi/PyYAML/6.0.2/json,200,https://pypi.org/pypi/PyYAML/6.0.2/json,b0c0c215b80dbd5afc17cf6962b43a64c8234b468fb7185c56fa4174f0b1c648
PyYAML,6.0.2,PyYAML-6.0.2-cp311-cp311-musllinux_1_1_aarch64.whl,bdist_wheel,cp311,>=3.8,https://files.pythonhosted.org/packages/9b/97/ecc1abf4a823f5ac61941a9c00fe501b02ac3ab0e373c3857f7d4b83e2b6/PyYAML-6.0.2-cp311-cp311-musllinux_1_1_aarch64.whl,735301,ff3824dc5261f50c9b0dfb3be22b4567a6f938ccce4587b38952d85fd9e9afe4,2024-08-06T20:32:16.170177Z,False,https://pypi.org/pypi/PyYAML/6.0.2/json,200,https://pypi.org/pypi/PyYAML/6.0.2/json,b0c0c215b80dbd5afc17cf6962b43a64c8234b468fb7185c56fa4174f0b1c648
PyYAML,6.0.2,PyYAML-6.0.2-cp311-cp311-musllinux_1_1_x86_64.whl,bdist_wheel,cp311,>=3.8,https://files.pythonhosted.org/packages/45/73/0f49dacd6e82c9430e46f4a027baa4ca205e8b0a9dce1397f44edc23559d/PyYAML-6.0.2-cp311-cp311-musllinux_1_1_x86_64.whl,756638,797b4f722ffa07cc8d62053e4cff1486fa6dc094105d13fea7b1de7d8bf71c9e,2024-08-06T20:32:18.555388Z,False,https://pypi.org/pypi/PyYAML/6.0.2/json,200,https://pypi.org/pypi/PyYAML/6.0.2/json,b0c0c215b80dbd5afc17cf6962b43a64c8234b468fb7185c56fa4174f0b1c648
PyYAML,6.0.2,PyYAML-6.0.2-cp311-cp311-win32.whl,bdist_wheel,cp311,>=3.8,https://files.pythonhosted.org/packages/22/5f/956f0f9fc65223a58fbc14459bf34b4cc48dec52e00535c79b8db361aabd/PyYAML-6.0.2-cp311-cp311-win32.whl,143850,11d8f3dd2b9c1207dcaf2ee0bbbfd5991f571186ec9cc78427ba5bd32afae4b5,2024-08-06T20:32:19.889575Z,False,https://pypi.org/pypi/PyYAML/6.0.2/json,200,https://pypi.org/pypi/PyYAML/6.0.2/json,b0c0c215b80dbd5afc17cf6962b43a64c8234b468fb7185c56fa4174f0b1c648
PyYAML,6.0.2,PyYAML-6.0.2-cp311-cp311-win_amd64.whl,bdist_wheel,cp311,>=3.8,https://files.pythonhosted.org/packages/ed/23/8da0bbe2ab9dcdd11f4f4557ccaf95c10b9811b13ecced089d43ce59c3c8/PyYAML-6.0.2-cp311-cp311-win_amd64.whl,161980,e10ce637b18caea04431ce14fabcf5c64a1c61ec9c56b071a4b7ca131ca52d44,2024-08-06T20:32:21.273771Z,False,https://pypi.org/pypi/PyYAML/6.0.2/json,200,https://pypi.org/pypi/PyYAML/6.0.2/json,b0c0c215b80dbd5afc17cf6962b43a64c8234b468fb7185c56fa4174f0b1c648
PyYAML,6.0.2,PyYAML-6.0.2-cp312-cp312-macosx_10_9_x86_64.whl,bdist_wheel,cp312,>=3.8,https://files.pythonhosted.org/packages/86/0c/c581167fc46d6d6d7ddcfb8c843a4de25bdd27e4466938109ca68492292c/PyYAML-6.0.2-cp312-cp312-macosx_10_9_x86_64.whl,183873,c70c95198c015b85feafc136515252a261a84561b7b1d51e3384e0655ddf25ab,2024-08-06T20:32:25.131254Z,False,https://pypi.org/pypi/PyYAML/6.0.2/json,200,https://pypi.org/pypi/PyYAML/6.0.2/json,b0c0c215b80dbd5afc17cf6962b43a64c8234b468fb7185c56fa4174f0b1c648
PyYAML,6.0.2,PyYAML-6.0.2-cp312-cp312-macosx_11_0_arm64.whl,bdist_wheel,cp312,>=3.8,https://files.pythonhosted.org/packages/a8/0c/38374f5bb272c051e2a69281d71cba6fdb983413e6758b84482905e29a5d/PyYAML-6.0.2-cp312-cp312-macosx_11_0_arm64.whl,173302,ce826d6ef20b1bc864f0a68340c8b3287705cae2f8b4b1d932177dcc76721725,2024-08-06T20:32:26.511578Z,False,https://pypi.org/pypi/PyYAML/6.0.2/json,200,https://pypi.org/pypi/PyYAML/6.0.2/json,b0c0c215b80dbd5afc17cf6962b43a64c8234b468fb7185c56fa4174f0b1c648
PyYAML,6.0.2,PyYAML-6.0.2-cp312-cp312-manylinux_2_17_aarch64.manylinux2014_aarch64.whl,bdist_wheel,cp312,>=3.8,https://files.pythonhosted.org/packages/c3/93/9916574aa8c00aa06bbac729972eb1071d002b8e158bd0e83a3b9a20a1f7/PyYAML-6.0.2-cp312-cp312-manylinux_2_17_aarch64.manylinux2014_aarch64.whl,739154,1f71ea527786de97d1a0cc0eacd1defc0985dcf6b3f17bb77dcfc8c34bec4dc5,2024-08-06T20:32:28.363070Z,False,https://pypi.org/pypi/PyYAML/6.0.2/json,200,https://pypi.org/pypi/PyYAML/6.0.2/json,b0c0c215b80dbd5afc17cf6962b43a64c8234b468fb7185c56fa4174f0b1c648
PyYAML,6.0.2,PyYAML-6.0.2-cp312-cp312-manylinux_2_17_s390x.manylinux2014_s390x.whl,bdist_wheel,cp312,>=3.8,https://files.pythonhosted.org/packages/95/0f/b8938f1cbd09739c6da569d172531567dbcc9789e0029aa070856f123984/PyYAML-6.0.2-cp312-cp312-manylinux_2_17_s390x.manylinux2014_s390x.whl,766223,9b22676e8097e9e22e36d6b7bda33190d0d400f345f23d4065d48f4ca7ae0425,2024-08-06T20:32:30.058234Z,False,https://pypi.org/pypi/PyYAML/6.0.2/json,200,https://pypi.org/pypi/PyYAML/6.0.2/json,b0c0c215b80dbd5afc17cf6962b43a64c8234b468fb7185c56fa4174f0b1c648
PyYAML,6.0.2,PyYAML-6.0.2-cp312-cp312-manylinux_2_17_x86_64.manylinux2014_x86_64.whl,bdist_wheel,cp312,>=3.8,https://files.pythonhosted.org/packages/b9/2b/614b4752f2e127db5cc206abc23a8c19678e92b23c3db30fc86ab731d3bd/PyYAML-6.0.2-cp312-cp312-manylinux_2_17_x86_64.manylinux2014_x86_64.whl,767542,80bab7bfc629882493af4aa31a4cfa43a4c57c83813253626916b8c7ada83476,2024-08-06T20:32:31.881838Z,False,https://pypi.org/pypi/PyYAML/6.0.2/json,200,https://pypi.org/pypi/PyYAML/6.0.2/json,b0c0c215b80dbd5afc17cf6962b43a64c8234b468fb7185c56fa4174f0b1c648
PyYAML,6.0.2,PyYAML-6.0.2-cp312-cp312-musllinux_1_1_aarch64.whl,bdist_wheel,cp312,>=3.8,https://files.pythonhosted.org/packages/d4/00/dd137d5bcc7efea1836d6264f049359861cf548469d18da90cd8216cf05f/PyYAML-6.0.2-cp312-cp312-musllinux_1_1_aarch64.whl,731164,0833f8694549e586547b576dcfaba4a6b55b9e96098b36cdc7ebefe667dfed48,2024-08-06T20:32:37.083270Z,False,https://pypi.org/pypi/PyYAML/6.0.2/json,200,https://pypi.org/pypi/PyYAML/6.0.2/json,b0c0c215b80dbd5afc17cf6962b43a64c8234b468fb7185c56fa4174f0b1c648
PyYAML,6.0.2,PyYAML-6.0.2-cp312-cp312-musllinux_1_1_x86_64.whl,bdist_wheel,cp312,>=3.8,https://files.pythonhosted.org/packages/c9/1f/4f998c900485e5c0ef43838363ba4a9723ac0ad73a9dc42068b12aaba4e4/PyYAML-6.0.2-cp312-cp312-musllinux_1_1_x86_64.whl,756611,8b9c7197f7cb2738065c481a0461e50ad02f18c78cd75775628afb4d7137fb3b,2024-08-06T20:32:38.898189Z,False,https://pypi.org/pypi/PyYAML/6.0.2/json,200,https://pypi.org/pypi/PyYAML/6.0.2/json,b0c0c215b80dbd5afc17cf6962b43a64c8234b468fb7185c56fa4174f0b1c648
PyYAML,6.0.2,PyYAML-6.0.2-cp312-cp312-win32.whl,bdist_wheel,cp312,>=3.8,https://files.pythonhosted.org/packages/df/d1/f5a275fdb252768b7a11ec63585bc38d0e87c9e05668a139fea92b80634c/PyYAML-6.0.2-cp312-cp312-win32.whl,140591,ef6107725bd54b262d6dedcc2af448a266975032bc85ef0172c5f059da6325b4,2024-08-06T20:32:40.241173Z,False,https://pypi.org/pypi/PyYAML/6.0.2/json,200,https://pypi.org/pypi/PyYAML/6.0.2/json,b0c0c215b80dbd5afc17cf6962b43a64c8234b468fb7185c56fa4174f0b1c648
PyYAML,6.0.2,PyYAML-6.0.2-cp312-cp312-win_amd64.whl,bdist_wheel,cp312,>=3.8,https://files.pythonhosted.org/packages/0c/e8/4f648c598b17c3d06e8753d7d13d57542b30d56e6c2dedf9c331ae56312e/PyYAML-6.0.2-cp312-cp312-win_amd64.whl,156338,7e7401d0de89a9a855c839bc697c079a4af81cf878373abd7dc625847d25cbd8,2024-08-06T20:32:41.930186Z,False,https://pypi.org/pypi/PyYAML/6.0.2/json,200,https://pypi.org/pypi/PyYAML/6.0.2/json,b0c0c215b80dbd5afc17cf6962b43a64c8234b468fb7185c56fa4174f0b1c648
PyYAML,6.0.2,PyYAML-6.0.2-cp313-cp313-macosx_10_13_x86_64.whl,bdist_wheel,cp313,>=3.8,https://files.pythonhosted.org/packages/ef/e3/3af305b830494fa85d95f6d95ef7fa73f2ee1cc8ef5b495c7c3269fb835f/PyYAML-6.0.2-cp313-cp313-macosx_10_13_x86_64.whl,181309,efdca5630322a10774e8e98e1af481aad470dd62c3170801852d752aa7a783ba,2024-08-06T20:32:43.400511Z,False,https://pypi.org/pypi/PyYAML/6.0.2/json,200,https://pypi.org/pypi/PyYAML/6.0.2/json,b0c0c215b80dbd5afc17cf6962b43a64c8234b468fb7185c56fa4174f0b1c648
PyYAML,6.0.2,PyYAML-6.0.2-cp313-cp313-macosx_11_0_arm64.whl,bdist_wheel,cp313,>=3.8,https://files.pythonhosted.org/packages/45/9f/3b1c20a0b7a3200524eb0076cc027a970d320bd3a6592873c85c92a08731/PyYAML-6.0.2-cp313-cp313-macosx_11_0_arm64.whl,171679,50187695423ffe49e2deacb8cd10510bc361faac997de9efef88badc3bb9e2d1,2024-08-06T20:32:44.801254Z,False,https://pypi.org/pypi/PyYAML/6.0.2/json,200,https://pypi.org/pypi/PyYAML/6.0.2/json,b0c0c215b80dbd5afc17cf6962b43a64c8234b468fb7185c56fa4174f0b1c648
PyYAML,6.0.2,PyYAML-6.0.2-cp313-cp313-manylinux_2_17_aarch64.manylinux2014_aarch64.whl,bdist_wheel,cp313,>=3.8,https://files.pythonhosted.org/packages/7c/9a/337322f27005c33bcb656c655fa78325b730324c78620e8328ae28b64d0c/PyYAML-6.0.2-cp313-cp313-manylinux_2_17_aarch64.manylinux2014_aarch64.whl,733428,0ffe8360bab4910ef1b9e87fb812d8bc0a308b0d0eef8c8f44e0254ab3b07133,2024-08-06T20:32:46.432820Z,False,https://pypi.org/pypi/PyYAML/6.0.2/json,200,https://pypi.org/pypi/PyYAML/6.0.2/json,b0c0c215b80dbd5afc17cf6962b43a64c8234b468fb7185c56fa4174f0b1c648
PyYAML,6.0.2,PyYAML-6.0.2-cp313-cp313-manylinux_2_17_s390x.manylinux2014_s390x.whl,bdist_wheel,cp313,>=3.8,https://files.pythonhosted.org/packages/a3/69/864fbe19e6c18ea3cc196cbe5d392175b4cf3d5d0ac1403ec3f2d237ebb5/PyYAML-6.0.2-cp313-cp313-manylinux_2_17_s390x.manylinux2014_s390x.whl,763361,17e311b6c678207928d649faa7cb0d7b4c26a0ba73d41e99c4fff6b6c3276484,2024-08-06T20:32:51.188781Z,False,https://pypi.org/pypi/PyYAML/6.0.2/json,200,https://pypi.org/pypi/PyYAML/6.0.2/json,b0c0c215b80dbd5afc17cf6962b43a64c8234b468fb7185c56fa4174f0b1c648
PyYAML,6.0.2,PyYAML-6.0.2-cp313-cp313-manylinux_2_17_x86_64.manylinux2014_x86_64.whl,bdist_wheel,cp313,>=3.8,https://files.pythonhosted.org/packages/04/24/b7721e4845c2f162d26f50521b825fb061bc0a5afcf9a386840f23ea19fa/PyYAML-6.0.2-cp313-cp313-manylinux_2_17_x86_64.manylinux2014_x86_64.whl,759523,70b189594dbe54f75ab3a1acec5f1e3faa7e8cf2f1e08d9b561cb41b845f69d5,2024-08-06T20:32:53.019365Z,False,https://pypi.org/pypi/PyYAML/6.0.2/json,200,https://pypi.org/pypi/PyYAML/6.0.2/json,b0c0c215b80dbd5afc17cf6962b43a64c8234b468fb7185c56fa4174f0b1c648
PyYAML,6.0.2,PyYAML-6.0.2-cp313-cp313-musllinux_1_1_aarch64.whl,bdist_wheel,cp313,>=3.8,https://files.pythonhosted.org/packages/2b/b2/e3234f59ba06559c6ff63c4e10baea10e5e7df868092bf9ab40e5b9c56b6/PyYAML-6.0.2-cp313-cp313-musllinux_1_1_aarch64.whl,726660,41e4e3953a79407c794916fa277a82531dd93aad34e29c2a514c2c0c5fe971cc,2024-08-06T20:32:54.708605Z,False,https://pypi.org/pypi/PyYAML/6.0.2/json,200,https://pypi.org/pypi/PyYAML/6.0.2/json,b0c0c215b80dbd5afc17cf6962b43a64c8234b468fb7185c56fa4174f0b1c648
PyYAML,6.0.2,PyYAML-6.0.2-cp313-cp313-musllinux_1_1_x86_64.whl,bdist_wheel,cp313,>=3.8,https://files.pythonhosted.org/packages/fe/0f/25911a9f080464c59fab9027482f822b86bf0608957a5fcc6eaac85aa515/PyYAML-6.0.2-cp313-cp313-musllinux_1_1_x86_64.whl,751597,68ccc6023a3400877818152ad9a1033e3db8625d899c72eacb5a668902e4d652,2024-08-06T20:32:56.985536Z,False,https://pypi.org/pypi/PyYAML/6.0.2/json,200,https://pypi.org/pypi/PyYAML/6.0.2/json,b0c0c215b80dbd5afc17cf6962b43a64c8234b468fb7185c56fa4174f0b1c648
PyYAML,6.0.2,PyYAML-6.0.2-cp313-cp313-win32.whl,bdist_wheel,cp313,>=3.8,https://files.pythonhosted.org/packages/14/0d/e2c3b43bbce3cf6bd97c840b46088a3031085179e596d4929729d8d68270/PyYAML-6.0.2-cp313-cp313-win32.whl,140527,bc2fa7c6b47d6bc618dd7fb02ef6fdedb1090ec036abab80d4681424b84c1183,2024-08-06T20:33:03.001479Z,False,https://pypi.org/pypi/PyYAML/6.0.2/json,200,https://pypi.org/pypi/PyYAML/6.0.2/json,b0c0c215b80dbd5afc17cf6962b43a64c8234b468fb7185c56fa4174f0b1c648
PyYAML,6.0.2,PyYAML-6.0.2-cp313-cp313-win_amd64.whl,bdist_wheel,cp313,>=3.8,https://files.pythonhosted.org/packages/fa/de/02b54f42487e3d3c6efb3f89428677074ca7bf43aae402517bc7cca949f3/PyYAML-6.0.2-cp313-cp313-win_amd64.whl,156446,8388ee1976c416731879ac16da0aff3f63b286ffdd57cdeb95f3f2e085687563,2024-08-06T20:33:04.330698Z,False,https://pypi.org/pypi/PyYAML/6.0.2/json,200,https://pypi.org/pypi/PyYAML/6.0.2/json,b0c0c215b80dbd5afc17cf6962b43a64c8234b468fb7185c56fa4174f0b1c648
PyYAML,6.0.2,PyYAML-6.0.2-cp38-cp38-macosx_10_9_x86_64.whl,bdist_wheel,cp38,>=3.8,https://files.pythonhosted.org/packages/74/d9/323a59d506f12f498c2097488d80d16f4cf965cee1791eab58b56b19f47a/PyYAML-6.0.2-cp38-cp38-macosx_10_9_x86_64.whl,183218,24471b829b3bf607e04e88d79542a9d48bb037c2267d7927a874e6c205ca7e9a,2024-08-06T20:33:06.411258Z,False,https://pypi.org/pypi/PyYAML/6.0.2/json,200,https://pypi.org/pypi/PyYAML/6.0.2/json,b0c0c215b80dbd5afc17cf6962b43a64c8234b468fb7185c56fa4174f0b1c648
PyYAML,6.0.2,PyYAML-6.0.2-cp38-cp38-manylinux_2_17_aarch64.manylinux2014_aarch64.whl,bdist_wheel,cp38,>=3.8,https://files.pythonhosted.org/packages/74/cc/20c34d00f04d785f2028737e2e2a8254e1425102e730fee1d6396f832577/PyYAML-6.0.2-cp38-cp38-manylinux_2_17_aarch64.manylinux2014_aarch64.whl,728067,d7fded462629cfa4b685c5416b949ebad6cec74af5e2d42905d41e257e0869f5,2024-08-06T20:33:07.879979Z,False,https://pypi.org/pypi/PyYAML/6.0.2/json,200,https://pypi.org/pypi/PyYAML/6.0.2/json,b0c0c215b80dbd5afc17cf6962b43a64c8234b468fb7185c56fa4174f0b1c648
PyYAML,6.0.2,PyYAML-6.0.2-cp38-cp38-manylinux_2_17_s390x.manylinux2014_s390x.whl,bdist_wheel,cp38,>=3.8,https://files.pythonhosted.org/packages/20/52/551c69ca1501d21c0de51ddafa8c23a0191ef296ff098e98358f69080577/PyYAML-6.0.2-cp38-cp38-manylinux_2_17_s390x.manylinux2014_s390x.whl,757812,d84a1718ee396f54f3a086ea0a66d8e552b2ab2017ef8b420e92edbc841c352d,2024-08-06T20:33:12.542985Z,False,https://pypi.org/pypi/PyYAML/6.0.2/json,200,https://pypi.org/pypi/PyYAML/6.0.2/json,b0c0c215b80dbd5afc17cf6962b43a64c8234b468fb7185c56fa4174f0b1c648
PyYAML,6.0.2,PyYAML-6.0.2-cp38-cp38-manylinux_2_17_x86_64.manylinux2014_x86_64.whl,bdist_wheel,cp38,>=3.8,https://files.pythonhosted.org/packages/fd/7f/2c3697bba5d4aa5cc2afe81826d73dfae5f049458e44732c7a0938baa673/PyYAML-6.0.2-cp38-cp38-manylinux_2_17_x86_64.manylinux2014_x86_64.whl,746531,9056c1ecd25795207ad294bcf39f2db3d845767be0ea6e6a34d856f006006083,2024-08-06T20:33:14.391480Z,False,https://pypi.org/pypi/PyYAML/6.0.2/json,200,https://pypi.org/pypi/PyYAML/6.0.2/json,b0c0c215b80dbd5afc17cf6962b43a64c8234b468fb7185c56fa4174f0b1c648
PyYAML,6.0.2,PyYAML-6.0.2-cp38-cp38-musllinux_1_1_x86_64.whl,bdist_wheel,cp38,>=3.8,https://files.pythonhosted.org/packages/8c/ab/6226d3df99900e580091bb44258fde77a8433511a86883bd4681ea19a858/PyYAML-6.0.2-cp38-cp38-musllinux_1_1_x86_64.whl,800820,82d09873e40955485746739bcb8b4586983670466c23382c19cffecbf1fd8706,2024-08-06T20:33:16.586841Z,False,https://pypi.org/pypi/PyYAML/6.0.2/json,200,https://pypi.org/pypi/PyYAML/6.0.2/json,b0c0c215b80dbd5afc17cf6962b43a64c8234b468fb7185c56fa4174f0b1c648
PyYAML,6.0.2,PyYAML-6.0.2-cp38-cp38-win32.whl,bdist_wheel,cp38,>=3.8,https://files.pythonhosted.org/packages/a0/99/a9eb0f3e710c06c5d922026f6736e920d431812ace24aae38228d0d64b04/PyYAML-6.0.2-cp38-cp38-win32.whl,145514,43fa96a3ca0d6b1812e01ced1044a003533c47f6ee8aca31724f78e93ccc089a,2024-08-06T20:33:22.414264Z,False,https://pypi.org/pypi/PyYAML/6.0.2/json,200,https://pypi.org/pypi/PyYAML/6.0.2/json,b0c0c215b80dbd5afc17cf6962b43a64c8234b468fb7185c56fa4174f0b1c648
PyYAML,6.0.2,PyYAML-6.0.2-cp38-cp38-win_amd64.whl,bdist_wheel,cp38,>=3.8,https://files.pythonhosted.org/packages/75/8a/ee831ad5fafa4431099aa4e078d4c8efd43cd5e48fbc774641d233b683a9/PyYAML-6.0.2-cp38-cp38-win_amd64.whl,162702,01179a4a8559ab5de078078f37e5c1a30d76bb88519906844fd7bdea1b7729ff,2024-08-06T20:33:23.813136Z,False,https://pypi.org/pypi/PyYAML/6.0.2/json,200,https://pypi.org/pypi/PyYAML/6.0.2/json,b0c0c215b80dbd5afc17cf6962b43a64c8234b468fb7185c56fa4174f0b1c648
PyYAML,6.0.2,PyYAML-6.0.2-cp39-cp39-macosx_10_9_x86_64.whl,bdist_wheel,cp39,>=3.8,https://files.pythonhosted.org/packages/65/d8/b7a1db13636d7fb7d4ff431593c510c8b8fca920ade06ca8ef20015493c5/PyYAML-6.0.2-cp39-cp39-macosx_10_9_x86_64.whl,184777,688ba32a1cffef67fd2e9398a2efebaea461578b0923624778664cc1c914db5d,2024-08-06T20:33:25.896492Z,False,https://pypi.org/pypi/PyYAML/6.0.2/json,200,https://pypi.org/pypi/PyYAML/6.0.2/json,b0c0c215b80dbd5afc17cf6962b43a64c8234b468fb7185c56fa4174f0b1c648
PyYAML,6.0.2,PyYAML-6.0.2-cp39-cp39-macosx_11_0_arm64.whl,bdist_wheel,cp39,>=3.8,https://files.pythonhosted.org/packages/0a/02/6ec546cd45143fdf9840b2c6be8d875116a64076218b61d68e12548e5839/PyYAML-6.0.2-cp39-cp39-macosx_11_0_arm64.whl,172318,a8786accb172bd8afb8be14490a16625cbc387036876ab6ba70912730faf8e1f,2024-08-06T20:33:27.212695Z,False,https://pypi.org/pypi/PyYAML/6.0.2/json,200,https://pypi.org/pypi/PyYAML/6.0.2/json,b0c0c215b80dbd5afc17cf6962b43a64c8234b468fb7185c56fa4174f0b1c648
PyYAML,6.0.2,PyYAML-6.0.2-cp39-cp39-manylinux_2_17_aarch64.manylinux2014_aarch64.whl,bdist_wheel,cp39,>=3.8,https://files.pythonhosted.org/packages/0e/9a/8cc68be846c972bda34f6c2a93abb644fb2476f4dcc924d52175786932c9/PyYAML-6.0.2-cp39-cp39-manylinux_2_17_aarch64.manylinux2014_aarch64.whl,720891,d8e03406cac8513435335dbab54c0d385e4a49e4945d2909a581c83647ca0290,2024-08-06T20:33:28.974259Z,False,https://pypi.org/pypi/PyYAML/6.0.2/json,200,https://pypi.org/pypi/PyYAML/6.0.2/json,b0c0c215b80dbd5afc17cf6962b43a64c8234b468fb7185c56fa4174f0b1c648
PyYAML,6.0.2,PyYAML-6.0.2-cp39-cp39-manylinux_2_17_s390x.manylinux2014_s390x.whl,bdist_wheel,cp39,>=3.8,https://files.pythonhosted.org/packages/e9/6c/6e1b7f40181bc4805e2e07f4abc10a88ce4648e7e95ff1abe4ae4014a9b2/PyYAML-6.0.2-cp39-cp39-manylinux_2_17_s390x.manylinux2014_s390x.whl,722614,f753120cb8181e736c57ef7636e83f31b9c0d1722c516f7e86cf15b7aa57ff12,2024-08-06T20:33:34.157990Z,False,https://pypi.org/pypi/PyYAML/6.0.2/json,200,https://pypi.org/pypi/PyYAML/6.0.2/json,b0c0c215b80dbd5afc17cf6962b43a64c8234b468fb7185c56fa4174f0b1c648
PyYAML,6.0.2,PyYAML-6.0.2-cp39-cp39-manylinux_2_17_x86_64.manylinux2014_x86_64.whl,bdist_wheel,cp39,>=3.8,https://files.pythonhosted.org/packages/3d/32/e7bd8535d22ea2874cef6a81021ba019474ace0d13a4819c2a4bce79bd6a/PyYAML-6.0.2-cp39-cp39-manylinux_2_17_x86_64.manylinux2014_x86_64.whl,737360,3b1fdb9dc17f5a7677423d508ab4f243a726dea51fa5e70992e59a7411c89d19,2024-08-06T20:33:35.840790Z,False,https://pypi.org/pypi/PyYAML/6.0.2/json,200,https://pypi.org/pypi/PyYAML/6.0.2/json,b0c0c215b80dbd5afc17cf6962b43a64c8234b468fb7185c56fa4174f0b1c648
PyYAML,6.0.2,PyYAML-6.0.2-cp39-cp39-musllinux_1_1_aarch64.whl,bdist_wheel,cp39,>=3.8,https://files.pythonhosted.org/packages/d7/12/7322c1e30b9be969670b672573d45479edef72c9a0deac3bb2868f5d7469/PyYAML-6.0.2-cp39-cp39-musllinux_1_1_aarch64.whl,699006,0b69e4ce7a131fe56b7e4d770c67429700908fc0752af059838b1cfb41960e4e,2024-08-06T20:33:37.501116Z,False,https://pypi.org/pypi/PyYAML/6.0.2/json,200,https://pypi.org/pypi/PyYAML/6.0.2/json,b0c0c215b80dbd5afc17cf6962b43a64c8234b468fb7185c56fa4174f0b1c648
PyYAML,6.0.2,PyYAML-6.0.2-cp39-cp39-musllinux_1_1_x86_64.whl,bdist_wheel,cp39,>=3.8,https://files.pythonhosted.org/packages/82/72/04fcad41ca56491995076630c3ec1e834be241664c0c09a64c9a2589b507/PyYAML-6.0.2-cp39-cp39-musllinux_1_1_x86_64.whl,723577,a9f8c2e67970f13b16084e04f134610fd1d374bf477b17ec1599185cf611d725,2024-08-06T20:33:39.389098Z,False,https://pypi.org/pypi/PyYAML/6.0.2/json,200,https://pypi.org/pypi/PyYAML/6.0.2/json,b0c0c215b80dbd5afc17cf6962b43a64c8234b468fb7185c56fa4174f0b1c648
PyYAML,6.0.2,PyYAML-6.0.2-cp39-cp39-win32.whl,bdist_wheel,cp39,>=3.8,https://files.pythonhosted.org/packages/ed/5e/46168b1f2757f1fcd442bc3029cd8767d88a98c9c05770d8b420948743bb/PyYAML-6.0.2-cp39-cp39-win32.whl,144593,6395c297d42274772abc367baaa79683958044e5d3835486c16da75d2a694631,2024-08-06T20:33:46.630267Z,False,https://pypi.org/pypi/PyYAML/6.0.2/json,200,https://pypi.org/pypi/PyYAML/6.0.2/json,b0c0c215b80dbd5afc17cf6962b43a64c8234b468fb7185c56fa4174f0b1c648
PyYAML,6.0.2,PyYAML-6.0.2-cp39-cp39-win_amd64.whl,bdist_wheel,cp39,>=3.8,https://files.pythonhosted.org/packages/19/87/5124b1c1f2412bb95c59ec481eaf936cd32f0fe2a7b16b97b81c4c017a6a/PyYAML-6.0.2-cp39-cp39-win_amd64.whl,162312,39693e1f8320ae4f43943590b49779ffb98acb81f788220ea932a6b6c51004d8,2024-08-06T20:33:49.073415Z,False,https://pypi.org/pypi/PyYAML/6.0.2/json,200,https://pypi.org/pypi/PyYAML/6.0.2/json,b0c0c215b80dbd5afc17cf6962b43a64c8234b468fb7185c56fa4174f0b1c648
PyYAML,6.0.2,pyyaml-6.0.2.tar.gz,sdist,source,>=3.8,https://files.pythonhosted.org/packages/54/ed/79a089b6be93607fa5cdaedf301d7dfb23af5f25c398d5ead2525b063e17/pyyaml-6.0.2.tar.gz,130631,d584d9ec91ad65861cc08d42e834324ef890a082e591037abe114850ff7bbc3e,2024-08-06T20:33:50.674207Z,False,https://pypi.org/pypi/PyYAML/6.0.2/json,200,https://pypi.org/pypi/PyYAML/6.0.2/json,b0c0c215b80dbd5afc17cf6962b43a64c8234b468fb7185c56fa4174f0b1c648
schematics,2.1.1,schematics-2.1.1-py2.py3-none-any.whl,bdist_wheel,py2.py3,,https://files.pythonhosted.org/packages/a5/e1/c9dca73caf001f82e8479e382a66820cbd29f461f465a12d4b3d7e0b929a/schematics-2.1.1-py2.py3-none-any.whl,63445,be2d451bfb86789975e5ec0864aec569b63cea9010f0d24cbbd992a4e564c647,2021-08-17T21:16:54.593975Z,False,https://pypi.org/pypi/schematics/2.1.1/json,200,https://pypi.org/pypi/schematics/2.1.1/json,de1b569e3a1af8fba2569e89cfbf400600f5ce979fcffb45b4cbc7bff7c28e7a
schematics,2.1.1,schematics-2.1.1.tar.gz,sdist,source,,https://files.pythonhosted.org/packages/d8/28/2c25f4c95bce21e37bc6dbe696dceeaa71c7c92665a12134b6c312390736/schematics-2.1.1.tar.gz,53687,34c87f51a25063bb498ae1cc201891b134cfcb329baf9e9f4f3ae869b767560f,2021-08-17T21:16:56.633632Z,False,https://pypi.org/pypi/schematics/2.1.1/json,200,https://pypi.org/pypi/schematics/2.1.1/json,de1b569e3a1af8fba2569e89cfbf400600f5ce979fcffb45b4cbc7bff7c28e7a
