module	version	go_sum_h1	go_mod_h1	declared_in
cloud.google.com/go	v0.26.0		h1:aQUYkXzVsufM+DwF1aE+0xfcU+56JwCaLick0ClmMTw=	core/go.sum
cloud.google.com/go	v0.34.0		h1:aQUYkXzVsufM+DwF1aE+0xfcU+56JwCaLick0ClmMTw=	core/go.sum
cloud.google.com/go	v0.38.0		h1:990N+gfupTy94rShfmMCWGDn0LpTmnzTp2qbd1dvSRU=	core/go.sum
cloud.google.com/go	v0.44.1		h1:iSa0KzasP4Uvy3f1mN/7PiObzGgflwredwwASm/v6AU=	core/go.sum
cloud.google.com/go	v0.44.2		h1:60680Gw3Yr4ikxnPRS/oxxkBccT6SA1yMk63TGekxKY=	core/go.sum
cloud.google.com/go	v0.45.1		h1:RpBamKRgapWJb87xiFSdk4g1CME7QZg3uwTez+TSTjc=	core/go.sum
cloud.google.com/go	v0.46.3		h1:a6bKKbmY7er1mI7TEI4lsAkts/mkhTSZK8w33B4RAg0=	core/go.sum
cloud.google.com/go/bigquery	v1.0.1		h1:i/xbL2UlR5RvWAURpBYZTtm/cXjCha9lbfbpx4poX+o=	core/go.sum
cloud.google.com/go/datastore	v1.0.0		h1:LXYbyblFSglQ5pkeyhO+Qmw7ukd3C+pD7TKLgZqpHYE=	core/go.sum
cloud.google.com/go/firestore	v1.1.0		h1:ulACoGHTpvq5r8rxGJ4ddJZBZqakUQqClKRT5SZwBmk=	core/go.sum
cloud.google.com/go/pubsub	v1.0.1		h1:R0Gpsv3s54REJCy4fxDixWD93lHJMoZTyQ2kNxGRt3I=	core/go.sum
cloud.google.com/go/storage	v1.0.0		h1:IhtSnM/ZTZV8YYJWCY8RULGVqBDmpoyjwiyrjsg+URw=	core/go.sum
dmitri.shuralyov.com/gpu/mtl	v0.0.0-20190408044501-666a987793e9		h1:H6x//7gZCb22OMCxBHrMx7a5I7Hp++hsVxbQ4BYO7hU=	core/go.sum
github.com/BurntSushi/toml	v0.3.1		h1:xHWCNGjB5oqiDr8zfno3MHue2Ht5sIBksp03qcyfWMU=	core/go.sum
github.com/BurntSushi/xgb	v0.0.0-20160522181843-27f122750802		h1:IVnqGOEym/WlBOVXweHU+Q+/VP0lqqI8lqeDx9IjBqo=	core/go.sum
github.com/OneOfOne/xxhash	v1.2.2		h1:HSdplMjZKSmBqAxg5vPj2TmRDmfkzw+cTzAElWljhcU=	core/go.sum
github.com/alecthomas/template	v0.0.0-20160405071501-a0175ee3bccc		h1:LOuyumcjzFXgccqObfd/Ljyb9UuFJ6TxHnclSeseNhc=	core/go.sum
github.com/alecthomas/units	v0.0.0-20151022065526-2efee857e7cf		h1:ybxpYRFXyAe+OPACYpWeL0wqObRcbAqCMya13uyzqw0=	core/go.sum
github.com/armon/circbuf	v0.0.0-20150827004946-bbbad097214e		h1:3U/XgcO3hCbHZ8TKRvWD2dDTCfh9M9ya+I9JpbB7O8o=	core/go.sum
github.com/armon/consul-api	v0.0.0-20180202201655-eb2c6b5be1b6		h1:grANhF5doyWs3UAsr3K4I6qtAmlQcZDesFNEHPZAzj8=	core/go.sum
github.com/armon/go-metrics	v0.0.0-20180917152333-f0300d1749da		h1:Q73ZrmVTwzkszR9V5SSuryQ31EELlFMUz1kKyl939pY=	core/go.sum
github.com/armon/go-radix	v0.0.0-20180808171621-7fddfc383310		h1:ufUuZ+zHj4x4TnLV4JWEpy2hxWSpsRywHrMgIH9cCH8=	core/go.sum
github.com/beorn7/perks	v0.0.0-20180321164747-3a771d992973		h1:Dwedo/Wpr24TaqPxmxbtue+5NUziq4I4S80YR8gNf3Q=	core/go.sum
github.com/beorn7/perks	v1.0.0		h1:KWe93zE9D1o94FZ5RNwFwVgaQK1VOXiVxmqh+CedLV8=	core/go.sum
github.com/bgentry/speakeasy	v0.1.0		h1:+zsyZBPWlz7T6j88CTgSN5bM796AkVf0kBD4zp0CCIs=	core/go.sum
github.com/bketelsen/crypt	v0.0.3-0.20200106085610-5cbc8cc4026c		h1:MKsuJmJgSg28kpZDP6UIiPt0e0Oz0kqKNGyRaWEPv84=	core/go.sum
github.com/bytedance/sonic	v1.11.6	h1:oUp34TzMlL+OY1OUWxHqsdkgC/Zfc85zGqw9siXjrc0=	h1:LysEHSvpvDySVdC2f87zGWf6CIKJcAvqab1ZaiQtds4=	xroad-service/go.sum;xroad-service/go.sum
github.com/bytedance/sonic/loader	v0.1.1	h1:c+e5Pt1k/cy5wMveRDyk2X4B9hF4g7an8N3zCYjJFNM=	h1:ncP89zfokxS5LZrJxl5z0UJcsk4M4yY2JpfqGeCtNLU=	xroad-service/go.sum;xroad-service/go.sum
github.com/cespare/xxhash	v1.1.0		h1:XrSqR1VqqWfGrhpAt58auRo0WTKS1nRRg3ghfAqPWnc=	core/go.sum
github.com/client9/misspell	v0.3.4		h1:qj6jICC3Q7zFZvVWo7KLAzC3yx5G7kyvSDkc90ppPyw=	core/go.sum
github.com/cloudwego/base64x	v0.1.4	h1:jwCgWpFanWmN8xoIUHa2rtzmkd5J2plF/dnLS6Xd/0Y=	h1:0zlkT4Wn5C6NdauXdJRhSKRlJvmclQ1hhJgA0rcu/8w=	xroad-service/go.sum;xroad-service/go.sum
github.com/cloudwego/iasm	v0.2.0	h1:1KNIy1I1H9hNNFEEH3DVnI4UujN+1zjpuk6gwHLTssg=	h1:8rXZaNYT2n95jn+zTI1sDr+IgcD2GVs0nlbbQPiEFhY=	xroad-service/go.sum;xroad-service/go.sum
github.com/coreos/bbolt	v1.3.2		h1:iRUV2dpdMOn7Bo10OQBFzIJO9kkE559Wcmn+qkEiiKk=	core/go.sum
github.com/coreos/etcd	v3.3.10+incompatible		h1:uF7uidLiAD3TWHmW31ZFd/JWoc32PjwdhPthX9715RE=	core/go.sum
github.com/coreos/etcd	v3.3.13+incompatible		h1:uF7uidLiAD3TWHmW31ZFd/JWoc32PjwdhPthX9715RE=	core/go.sum
github.com/coreos/go-semver	v0.2.0		h1:nnelYz7RCh+5ahJtPPxZlU+153eP4D4r3EedlOD2RNk=	core/go.sum
github.com/coreos/go-semver	v0.3.0	h1:wkHLiw0WNATZnSG7epLsujiMCgPAc9xhjJ4tgnAxmfM=	h1:nnelYz7RCh+5ahJtPPxZlU+153eP4D4r3EedlOD2RNk=	choices/go.sum;choices/go.sum;common/collector/go.sum;common/collector/go.sum;core/go.sum;mid/go.sum;mid/go.sum;sessionstatus/api/go.sum;sessionstatus/api/go.sum;sessionstatus/go.sum;sessionstatus/go.sum;smartid/go.sum;smartid/go.sum;storage/go.sum;storage/go.sum;verification/go.sum;verification/go.sum;votesorder/go.sum;votesorder/go.sum;voting/go.sum;voting/go.sum;webeid/go.sum;webeid/go.sum
github.com/coreos/go-systemd	v0.0.0-20190321100706-95778dfbb74e		h1:F5haX7vjVVG0kc13fIWeqUViNPyEJxv/OmvnBo0Yme4=	core/go.sum
github.com/coreos/go-systemd/v22	v22.3.2	h1:D9/bQk5vlXQFZ6Kwuu6zaiXJ9oTPe68++AzAJc1DzSI=	h1:Y58oyj3AT4RCenI/lSvhwexgC+NSVTIJ3seZv2GcEnc=	choices/go.sum;choices/go.sum;common/collector/go.sum;common/collector/go.sum;mid/go.sum;mid/go.sum;sessionstatus/api/go.sum;sessionstatus/api/go.sum;sessionstatus/go.sum;sessionstatus/go.sum;smartid/go.sum;smartid/go.sum;storage/go.sum;storage/go.sum;verification/go.sum;verification/go.sum;votesorder/go.sum;votesorder/go.sum;voting/go.sum;voting/go.sum;webeid/go.sum;webeid/go.sum
github.com/coreos/pkg	v0.0.0-20180928190104-399ea9e2e55f		h1:E3G3o1h8I7cfcXa63jLwjI0eiQQMgzzUDFVpN/nH/eA=	core/go.sum
github.com/cpuguy83/go-md2man/v2	v2.0.0		h1:maD7wRr/U5Z6m/iR4s+kqSMx2CaBsrgA7czyZG/E6dU=	core/go.sum
github.com/davecgh/go-spew	v1.1.0		h1:J7Y8YcW2NihsgmVo/mv3lAwl/skON4iLHjSsI+c5H38=	choices/go.sum;common/collector/go.sum;core/go.sum;mid/go.sum;sessionstatus/api/go.sum;sessionstatus/go.sum;smartid/go.sum;storage/go.sum;verification/go.sum;votesorder/go.sum;voting/go.sum;webeid/go.sum;xroad-service/go.sum
github.com/davecgh/go-spew	v1.1.1	h1:vj9j/u1bqnvCEfJOwUhtlOARqs3+rkHYY13jYWTU97c=	h1:J7Y8YcW2NihsgmVo/mv3lAwl/skON4iLHjSsI+c5H38=	choices/go.sum;choices/go.sum;common/collector/go.sum;common/collector/go.sum;core/go.sum;core/go.sum;mid/go.sum;mid/go.sum;sessionstatus/api/go.sum;sessionstatus/api/go.sum;sessionstatus/go.sum;sessionstatus/go.sum;smartid/go.sum;smartid/go.sum;storage/go.sum;storage/go.sum;verification/go.sum;verification/go.sum;votesorder/go.sum;votesorder/go.sum;voting/go.sum;voting/go.sum;webeid/go.sum;webeid/go.sum;xroad-service/go.sum;xroad-service/go.sum
github.com/dgrijalva/jwt-go	v3.2.0+incompatible		h1:E3ru+11k8xSBh+hMPgOLZmtrrCbhqsmaPHjLKYnJCaQ=	core/go.sum
github.com/dgryski/go-sip13	v0.0.0-20181026042036-e10d5fee7954		h1:vAd38F8PWV+bWy6jNmig1y/TA+kYO4g3RSRF0IAv0no=	core/go.sum
github.com/fatih/color	v1.7.0		h1:Zm6kSWBoL9eyXnKyktHP6abPY2pDugNf5KwzbycvMj4=	core/go.sum
github.com/fsnotify/fsnotify	v1.4.7		h1:jwhsz4b93w/PPRr/qN1Yymfu8t87LnFCMoQvtojpjFo=	core/go.sum
github.com/gabriel-vasile/mimetype	v1.4.3	h1:in2uUcidCuFcDKtdcBxlR0rJ1+fsokWf+uqxgUFjbI0=	h1:d8uq/6HKRL6CGdk+aubisF/M5GcPfT7nKyLpA0lbSSk=	xroad-service/go.sum;xroad-service/go.sum
github.com/ghodss/yaml	v1.0.0		h1:4dBDuWmgqj2HViK6kFavaiC9ZROes6MMH2rRYeMEF04=	core/go.sum
github.com/gin-contrib/sse	v0.1.0	h1:Y/yl/+YNO8GZSjAhjMsSuLt29uWRFHdHYUb5lYOV9qE=	h1:RHrZQHXnP2xjPF+u1gW/2HnVO7nvIa9PG3Gm+fLHvGI=	xroad-service/go.sum;xroad-service/go.sum
github.com/gin-gonic/gin	v1.10.0	h1:nTuyha1TYqgedzytsKYqna+DfLos46nTv2ygFy86HFU=	h1:4PMNQiOhvDRa013RKVbsiNwoyezlm2rm0uX/T7kzp5Y=	xroad-service/go.sum;xroad-service/go.sum
github.com/go-gl/glfw	v0.0.0-20190409004039-e6da0acd62b1		h1:vR7hzQXu2zJy9AVAgeJqvqgH9Q5CA+iKCZ2gyEVpxRU=	core/go.sum
github.com/go-gl/glfw/v3.3/glfw	v0.0.0-20200222043503-6f7a984d4dc4		h1:tQ2UAYgL5IevRw8kRxooKSPJfGvJ9fJQFa0TUsXzTg8=	core/go.sum
github.com/go-kit/kit	v0.8.0		h1:xBxKIO96dXMWWy0MnWVtmwkA9/13aqxPnvrjFYMA2as=	core/go.sum
github.com/go-logfmt/logfmt	v0.3.0		h1:Qt1PoO58o5twSAckw1HlFXLmHsOX5/0LbT9GBnD5lWE=	core/go.sum
github.com/go-logfmt/logfmt	v0.4.0		h1:3RMwSq7FuexP4Kalkev3ejPJsZTpXXBr9+V4qmtdjCk=	core/go.sum
github.com/go-playground/assert/v2	v2.2.0	h1:JvknZsQTYeFEAhQwI4qEt9cyV5ONwRHC+lYKSsYSR8s=	h1:VDjEfimB/XKnb+ZQfWdccd7VUvScMdVu0Titje2rxJ4=	xroad-service/go.sum;xroad-service/go.sum
github.com/go-playground/locales	v0.14.1	h1:EWaQ/wswjilfKLTECiXz7Rh+3BjFhfDFKv/oXslEjJA=	h1:hxrqLVvrK65+Rwrd5Fc6F2O76J/NuW9t0sjnWqG1slY=	xroad-service/go.sum;xroad-service/go.sum
github.com/go-playground/universal-translator	v0.18.1	h1:Bcnm0ZwsGyWbCzImXv+pAJnYK9S473LQFuzCbDbfSFY=	h1:xekY+UJKNuX9WP91TpwSH2VMlDf28Uj24BCp08ZFTUY=	xroad-service/go.sum;xroad-service/go.sum
github.com/go-playground/validator/v10	v10.20.0	h1:K9ISHbSaI0lyB2eWMPJo+kOS/FBExVwjEviJTixqxL8=	h1:dbuPbCMFw/DrkbEynArYaCwl3amGuJotoKCe95atGMM=	xroad-service/go.sum;xroad-service/go.sum
github.com/go-stack/stack	v1.8.0		h1:v0f6uXyyMGvRgIKkXu+yp6POWl0qKG85gN/melR3HDY=	core/go.sum
github.com/goccy/go-json	v0.10.2	h1:CrxCmQqYDkv1z7lO7Wbh2HN93uovUHgrECaO5ZrCXAU=	h1:6MelG93GURQebXPDq3khkgXZkazVtN9CRI+MGFi0w8I=	xroad-service/go.sum;xroad-service/go.sum
github.com/godbus/dbus/v5	v5.0.4		h1:xhWf0FNVPg57R7Z0UbKHbJfkEywrmjJnf7w5xrFpKfA=	choices/go.sum;common/collector/go.sum;mid/go.sum;sessionstatus/api/go.sum;sessionstatus/go.sum;smartid/go.sum;storage/go.sum;verification/go.sum;votesorder/go.sum;voting/go.sum;webeid/go.sum
github.com/gogo/protobuf	v1.1.1		h1:r8qH/GZQm5c6nD/R0oafs1akxWv10x8SbQlK7atdtwQ=	core/go.sum
github.com/gogo/protobuf	v1.2.1		h1:hp+jE20tsWTFYpLwKvXlhS1hjn+gTNwPg2I6zVXpSg4=	core/go.sum
github.com/gogo/protobuf	v1.3.2	h1:Ov1cvc58UF3b5XjBnZv7+opcTcQFZebYjWzi34vdm4Q=	h1:P1XiOD3dCwIKUDQYPy72D8LYyHL2YPYrpS2s69NZV8Q=	choices/go.sum;choices/go.sum;common/collector/go.sum;common/collector/go.sum;mid/go.sum;mid/go.sum;sessionstatus/api/go.sum;sessionstatus/api/go.sum;sessionstatus/go.sum;sessionstatus/go.sum;smartid/go.sum;smartid/go.sum;storage/go.sum;storage/go.sum;verification/go.sum;verification/go.sum;votesorder/go.sum;votesorder/go.sum;voting/go.sum;voting/go.sum;webeid/go.sum;webeid/go.sum
github.com/golang/glog	v0.0.0-20160126235308-23def4e6c14b		h1:SBH7ygxi8pfUlaOkMMuAQtPIUF8ecWP5IEl/CR7VP2Q=	core/go.sum
github.com/golang/groupcache	v0.0.0-20190129154638-5b532d6fd5ef		h1:cIg4eruTrX1D+g88fzRXU5OdNfaM+9IcxsU14FzY7Hc=	core/go.sum
github.com/golang/mock	v1.1.1		h1:oTYuIxOrZwtPieC+H1uAHpcLFnEyAGVDL/k47Jfbm0A=	core/go.sum
github.com/golang/mock	v1.2.0		h1:oTYuIxOrZwtPieC+H1uAHpcLFnEyAGVDL/k47Jfbm0A=	core/go.sum
github.com/golang/mock	v1.3.1		h1:sBzyDLLjw3U8JLTeZvSv8jJB+tU5PVekmnlKIyFUx0Y=	core/go.sum
github.com/golang/protobuf	v1.2.0		h1:6lQm79b+lXiMfvg/cZm0SGofjICqVBUtrP5yJMmIC1U=	core/go.sum
github.com/golang/protobuf	v1.3.1		h1:6lQm79b+lXiMfvg/cZm0SGofjICqVBUtrP5yJMmIC1U=	core/go.sum
github.com/golang/protobuf	v1.3.2		h1:6lQm79b+lXiMfvg/cZm0SGofjICqVBUtrP5yJMmIC1U=	core/go.sum
github.com/golang/protobuf	v1.5.4	h1:i7eJL8qZTpSEXOPTxNKhASYpMn+8e5Q6AdndVa1dWek=	h1:lnTiLA8Wa4RWRcIUkrtSVa5nRhsEGBg48fD6rSs7xps=	choices/go.sum;choices/go.sum;common/collector/go.sum;common/collector/go.sum;mid/go.sum;mid/go.sum;sessionstatus/api/go.sum;sessionstatus/api/go.sum;sessionstatus/go.sum;sessionstatus/go.sum;smartid/go.sum;smartid/go.sum;storage/go.sum;storage/go.sum;verification/go.sum;verification/go.sum;votesorder/go.sum;votesorder/go.sum;voting/go.sum;voting/go.sum;webeid/go.sum;webeid/go.sum
github.com/google/btree	v0.0.0-20180813153112-4030bb1f1f0c		h1:lNA+9X1NB3Zf8V7Ke586lFgjr2dZNuvo3lPJSGZ5JPQ=	core/go.sum
github.com/google/btree	v1.0.0		h1:lNA+9X1NB3Zf8V7Ke586lFgjr2dZNuvo3lPJSGZ5JPQ=	core/go.sum
github.com/google/go-cmp	v0.2.0		h1:oXzfMopK8JAjlY9xF4vHSVASa0yLyX7SntLO5aqRK0M=	core/go.sum
github.com/google/go-cmp	v0.3.0		h1:8QqcDgzrUqlUb/G2PQTWiueGozuR1884gddMywk6iLU=	core/go.sum
github.com/google/go-cmp	v0.5.5	h1:Khx7svrCpmxxtHBq5j2mp/xVjsi8hQMfNLvJFAlrGgU=	h1:v8dTdLbMG2kIc/vJvl+f65V22dbkXbowE6jgT/gNBxE=	xroad-service/go.sum;xroad-service/go.sum
github.com/google/go-cmp	v0.6.0	h1:ofyhxvXcZhMsU5ulbFiLKl/XBFqE1GSq7atu8tAmTRI=	h1:17dUlkBOakJ0+DkrSSNjCkIjxS6bF9zb3elmeNGIjoY=	choices/go.sum;choices/go.sum;common/collector/go.sum;common/collector/go.sum;mid/go.sum;mid/go.sum;sessionstatus/api/go.sum;sessionstatus/api/go.sum;sessionstatus/go.sum;sessionstatus/go.sum;smartid/go.sum;smartid/go.sum;storage/go.sum;storage/go.sum;verification/go.sum;verification/go.sum;votesorder/go.sum;votesorder/go.sum;voting/go.sum;voting/go.sum;webeid/go.sum;webeid/go.sum
github.com/google/gofuzz	v1.0.0		h1:dBl0BpW6vV/+mYPU4Po3pmUjxk6FQPldtuIdl/M65Eg=	xroad-service/go.sum
github.com/google/martian	v2.1.0+incompatible		h1:9I4somxYTbIHy5NJKHRl3wXiIaQGbYVAs8BPL6v8lEs=	core/go.sum
github.com/google/pprof	v0.0.0-20181206194817-3ea8567a2e57		h1:zfwlbNMJ+OItoe0UupaVj+oy1omPYYDuagoSzA8v9mc=	core/go.sum
github.com/google/pprof	v0.0.0-20190515194954-54271f7e092f		h1:zfwlbNMJ+OItoe0UupaVj+oy1omPYYDuagoSzA8v9mc=	core/go.sum
github.com/google/renameio	v0.1.0		h1:KWCgfxg9yswjAJkECMjeO8J8rahYeXnNhOm40UhjYkI=	core/go.sum
github.com/googleapis/gax-go/v2	v2.0.4		h1:0Wqv26UfaUD9n4G6kQubkQ+KchISgw+vpHVxEJEs9eg=	core/go.sum
github.com/googleapis/gax-go/v2	v2.0.5		h1:DWXyrwAJ9X0FpwwEdw+IPEYBICEFu5mhpdKc/us6bOk=	core/go.sum
github.com/gopherjs/gopherjs	v0.0.0-20181017120253-0766667cb4d1		h1:wJfORRmW1u3UXTncJ5qlYoELFm8eSnnEO6hX4iZ3EWY=	core/go.sum
github.com/gorilla/websocket	v1.4.0		h1:E7qHFY5m1UJ88s3WnNqhKjPHQ0heANvMoAMk2YaljkQ=	core/go.sum
github.com/gorilla/websocket	v1.4.2		h1:YR8l580nyteQvAITg2hZ9XVh4b55+EU/adAjf1fMHhE=	core/go.sum
github.com/grpc-ecosystem/go-grpc-middleware	v1.0.0		h1:FiyG127CGDf3tlThmgyCl78X/SZQqEOJBCDaAfeWzPs=	core/go.sum
github.com/grpc-ecosystem/go-grpc-prometheus	v1.2.0		h1:8NvIoxWQoOIhqOTXgfV/d3M/q6VIi02HzZEHgUlZvzk=	core/go.sum
github.com/grpc-ecosystem/grpc-gateway	v1.9.0		h1:vNeuVxBJEsws4ogUvrchl83t/GYV9WGTSLVdBhOQFDY=	core/go.sum
github.com/gtank/ristretto255	v0.1.2	h1:JEqUCPA1NvLq5DwYtuzigd7ss8fwbYay9fi4/5uMzcc=	h1:Ph5OpO6c7xKUGROZfWVLiJf9icMDwUeIvY4OmlYW69o=	common/collector/go.sum;common/collector/go.sum;core/go.sum;core/go.sum;voting/go.sum;voting/go.sum
github.com/hashicorp/consul/api	v1.1.0		h1:VmuI/Lkw1nC05EYQWNKwWGbkg+FbDBtguAZLlVdkD9Q=	core/go.sum
github.com/hashicorp/consul/sdk	v0.1.1		h1:VKf9jXwCTEY1QZP2MOLRhb5i/I/ssyNV1vwHyQBF0x8=	core/go.sum
github.com/hashicorp/errwrap	v1.0.0		h1:YH+1FKiLXxHSkmPseP+kNlulaMuP3n2brvKWEqk/Jc4=	core/go.sum
github.com/hashicorp/go-cleanhttp	v0.5.1		h1:JpRdi6/HCYpAwUzNwuwqhbovhLtngrth3wmdIIUrZ80=	core/go.sum
github.com/hashicorp/go-immutable-radix	v1.0.0		h1:0y9vanUI8NX6FsYoO3zeMjhV/C5i9g4Q3DwcSNZ4P60=	core/go.sum
github.com/hashicorp/go-msgpack	v0.5.3		h1:ahLV/dePpqEmjfWmKiqvPkv/twdG7iPBM1vqhUKIvfM=	core/go.sum
github.com/hashicorp/go-multierror	v1.0.0		h1:dHtQlpGsu+cZNNAkkCN/P3hoUDHhCYQXV3UM06sGGrk=	core/go.sum
github.com/hashicorp/go-rootcerts	v1.0.0		h1:K6zTfqpRlCUIjkwsN4Z+hiSfzSTQa6eBIzfwKfwNnHU=	core/go.sum
github.com/hashicorp/go-sockaddr	v1.0.0		h1:7Xibr9yA9JjQq1JpNB2Vw7kxv8xerXegt+ozgdvDeDU=	core/go.sum
github.com/hashicorp/go-syslog	v1.0.0		h1:qPfqrKkXGihmCqbJM2mZgkZGvKG1dFdvsLplgctolz4=	core/go.sum
github.com/hashicorp/go-uuid	v1.0.0		h1:6SBZvOh/SIDV7/2o3Jml5SYk/TvGqwFJ/bN7x4byOro=	core/go.sum
github.com/hashicorp/go-uuid	v1.0.1		h1:6SBZvOh/SIDV7/2o3Jml5SYk/TvGqwFJ/bN7x4byOro=	core/go.sum
github.com/hashicorp/go.net	v0.0.1		h1:hjKkEWcCURg++eb33jQU7oqQcI9XDCnUzHA0oac0k90=	core/go.sum
github.com/hashicorp/golang-lru	v0.5.0		h1:/m3WP610KZHVQ1SGc6re/UDhFvYD7pJ4Ao+sR/qLZy8=	core/go.sum
github.com/hashicorp/golang-lru	v0.5.1		h1:/m3WP610KZHVQ1SGc6re/UDhFvYD7pJ4Ao+sR/qLZy8=	core/go.sum
github.com/hashicorp/hcl	v1.0.0		h1:E5yfLk+7swimpb2L/Alb/PJmXilQ/rhwaUYs4T20WEQ=	core/go.sum
github.com/hashicorp/logutils	v1.0.0		h1:QIAnNjmIWmVIIkWDTG1z5v++HQmx9WQRO+LraFDTW64=	core/go.sum
github.com/hashicorp/mdns	v1.0.0		h1:tL+uN++7HEJ6SQLQ2/p+z2pH24WQKWjBPkE0mNTz8vQ=	core/go.sum
github.com/hashicorp/memberlist	v0.1.3		h1:ajVTdAv/9Im8oMAAj5G31PhhMCZJV2pPBoIllUwCN7I=	core/go.sum
github.com/hashicorp/serf	v0.8.2		h1:6hOLApaqBFA1NXqRQAsxw9QxuDEvNxSQRwA/JwenrHc=	core/go.sum
github.com/inconshreveable/mousetrap	v1.0.0		h1:PxqpIevigyE2G7u3NXJIT2ANytuPF1OarO4DADm73n8=	core/go.sum
github.com/jonboulle/clockwork	v0.1.0		h1:Ii8DK3G1RaLaWxj9trq07+26W01tbo22gdxWY5EU2bo=	core/go.sum
github.com/json-iterator/go	v1.1.12	h1:PV8peI4a0ysnczrg+LtxykD8LfKY9ML6u2jnxaEnrnM=	h1:e30LSqwooZae/UwlEbR2852Gd8hjQvJoHmT4TnhNGBo=	xroad-service/go.sum;xroad-service/go.sum
github.com/json-iterator/go	v1.1.6		h1:+SdeFBvtyEkXs7REEP0seUULqWtbJapLOCVDaaPEHmU=	core/go.sum
github.com/jstemmer/go-junit-report	v0.0.0-20190106144839-af01ea7f8024		h1:6v2b51hI/fHJwM22ozAgKL4VKDeJcHhJFhtBdhmNjmU=	core/go.sum
github.com/jtolds/gls	v4.20.0+incompatible		h1:QJZ7F/aHp+rZTRtaJ1ow/lLfFfVYBRgL+9YlvaHOwJU=	core/go.sum
github.com/julienschmidt/httprouter	v1.2.0		h1:SYymIcj16QtmaHHD7aYtjjsJG7VTCxuUUipMqKk8s4w=	core/go.sum
github.com/kisielk/errcheck	v1.1.0		h1:EZBBE59ingxPouuu3KfxchcWSUPOHkagtvWXihfKN4Q=	core/go.sum
github.com/kisielk/errcheck	v1.5.0		h1:pFxgyoBC7bSaBwPgfKdkLd5X25qrDl4LWUI2bnpBCr8=	choices/go.sum;common/collector/go.sum;mid/go.sum;sessionstatus/api/go.sum;sessionstatus/go.sum;smartid/go.sum;storage/go.sum;verification/go.sum;votesorder/go.sum;voting/go.sum;webeid/go.sum
github.com/kisielk/gotool	v1.0.0		h1:XhKaO+MFFWcvkIS/tQcRk01m1F5IRFswLeQ+oQHNcck=	choices/go.sum;common/collector/go.sum;core/go.sum;mid/go.sum;sessionstatus/api/go.sum;sessionstatus/go.sum;smartid/go.sum;storage/go.sum;verification/go.sum;votesorder/go.sum;voting/go.sum;webeid/go.sum
github.com/klauspost/cpuid/v2	v2.0.9		h1:FInQzS24/EEf25PyTYn52gqo7WaD8xa0213Md/qVLRg=	xroad-service/go.sum
github.com/klauspost/cpuid/v2	v2.2.7	h1:ZWSB3igEs+d0qvnxR/ZBzXVmxkgt8DdzP6m9pfuVLDM=	h1:Lcz8mBdAVJIBVzewtcLocK12l3Y+JytZYpaMropDUws=	xroad-service/go.sum;xroad-service/go.sum
github.com/knz/go-libedit	v1.10.1		h1:MZTVkCWyz0oBc7JOWP3wNAzd002ZbM/5hgShxwh4x8M=	xroad-service/go.sum
github.com/konsorten/go-windows-terminal-sequences	v1.0.1		h1:T0+1ngSBFLxvqU3pZ+m/2kptfBszLMUkC4ZK/EgS/cQ=	core/go.sum
github.com/kr/logfmt	v0.0.0-20140226030751-b84e30acd515		h1:+0opPa2QZZtGFBFZlji/RkVcI2GknAs/DXo4wKdlNEc=	core/go.sum
github.com/kr/pretty	v0.1.0		h1:dAy3ld7l9f0ibDNOQOHHMYYIIbhfbHSm3C4ZsoJORNo=	core/go.sum
github.com/kr/pty	v1.1.1		h1:pFQYn66WHrOpPYNljwOMqo10TkYh1fy3cYio2l3bCsQ=	core/go.sum
github.com/kr/text	v0.1.0		h1:4Jbv+DJW3UT/LiOwJeYQe1efqtUx/iVham/4vfdArNI=	core/go.sum
github.com/leodido/go-urn	v1.4.0	h1:WT9HwE9SGECu3lg4d/dIA+jxlljEa1/ffXKmRjqdmIQ=	h1:bvxc+MVxLKB4z00jd1z+Dvzr47oO32F/QSNjSBOlFxI=	xroad-service/go.sum;xroad-service/go.sum
github.com/magiconair/properties	v1.8.0		h1:PppfXfuXeibc/6YijjN8zIbojt8czPbwD3XqdrwzmxQ=	core/go.sum
github.com/magiconair/properties	v1.8.1		h1:PppfXfuXeibc/6YijjN8zIbojt8czPbwD3XqdrwzmxQ=	core/go.sum
github.com/mattn/go-colorable	v0.0.9		h1:9vuHe8Xs5qXnSaW/c/ABM9alt+Vo+STaOChaDxuIBZU=	core/go.sum
github.com/mattn/go-isatty	v0.0.20	h1:xfD0iDuEKnDkl03q4limB+vH+GxLEtL/jb4xVJSWWEY=	h1:W+V8PltTTMOvKvAeJH7IuucS94S2C6jfK/D7dTCTo3Y=	xroad-service/go.sum;xroad-service/go.sum
github.com/mattn/go-isatty	v0.0.3		h1:M+lRXTBqGeGNdLjl/ufCoiOlB5xdOkqRJdNxMWT7Zi4=	core/go.sum
github.com/matttproud/golang_protobuf_extensions	v1.0.1		h1:D8He9yQNgCq6Z5Ld7szi9bcBfOoFv/3dc6xSMkL2PC0=	core/go.sum
github.com/miekg/dns	v1.0.14		h1:W1PPwlIAgtquWBMBEV9nkV9Cazfe8ScdGz/Lj7v3Nrg=	core/go.sum
github.com/mitchellh/cli	v1.0.0		h1:hNIlj7HEI86fIcpObd7a0FcrxTWetlwJDGcceTlRvqc=	core/go.sum
github.com/mitchellh/go-homedir	v1.0.0		h1:SfyaCUpYCn1Vlf4IUYiD9fPX4A5wJrkLzIz1N1q0pr0=	core/go.sum
github.com/mitchellh/go-homedir	v1.1.0		h1:SfyaCUpYCn1Vlf4IUYiD9fPX4A5wJrkLzIz1N1q0pr0=	core/go.sum
github.com/mitchellh/go-testing-interface	v1.0.0		h1:kRemZodwjscx+RGhAo8eIhFbs2+BFgRtFPeD/KE+zxI=	core/go.sum
github.com/mitchellh/gox	v0.4.0		h1:Sd9lOJ0+aimLBi73mGofS1ycjY8lL3uZM3JPS42BGNg=	core/go.sum
github.com/mitchellh/iochan	v1.0.0		h1:JwYml1nuB7xOzsp52dPpHFffvOCDupsG0QubkSMEySY=	core/go.sum
github.com/mitchellh/mapstructure	v0.0.0-20160808181253-ca63d7c062ee		h1:FVVH3fgwuzCH5S8UJGiWEs2h04kUh9fWfEaFds41c1Y=	core/go.sum
github.com/mitchellh/mapstructure	v1.1.2		h1:FVVH3fgwuzCH5S8UJGiWEs2h04kUh9fWfEaFds41c1Y=	core/go.sum
github.com/modern-go/concurrent	v0.0.0-20180228061459-e0a39a4cb421		h1:6dJC0mAP4ikYIbvyc7fijjWJddQyLn8Ig3JB5CqoB9Q=	xroad-service/go.sum
github.com/modern-go/concurrent	v0.0.0-20180306012644-bacd9c7ef1dd	h1:TRLaZ9cD/w8PVh93nsPXa1VrQ6jlwL5oN8l14QlcNfg=	h1:6dJC0mAP4ikYIbvyc7fijjWJddQyLn8Ig3JB5CqoB9Q=	core/go.sum;xroad-service/go.sum;xroad-service/go.sum
github.com/modern-go/reflect2	v1.0.1		h1:bx2lNnkwVCuqBIxFjflWJWanXIb3RllmbCylyMrvgv0=	core/go.sum
github.com/modern-go/reflect2	v1.0.2	h1:xBagoLtFs94CBntxluKeaWgTMpvLxC4ur3nMaC9Gz0M=	h1:yWuevngMOJpCy52FWWMvUC8ws7m/LJsjYzDa0/r8luk=	xroad-service/go.sum;xroad-service/go.sum
github.com/mwitkow/go-conntrack	v0.0.0-20161129095857-cc309e4a2223		h1:qRWi+5nqEBWmkhHvq77mSJWrCKwh8bxhgT7d/eI7P4U=	core/go.sum
github.com/oklog/ulid	v1.3.1		h1:CirwcVhetQ6Lv90oh/F+FBtV6XMibvdAFo93nm5qn4U=	core/go.sum
github.com/pascaldekloe/goe	v0.0.0-20180627143212-57f6aae5913c		h1:lzWF7FIEvWOWxwDKqyGYQf6ZUaNfKdP144TG7ZOy1lc=	core/go.sum
github.com/pelletier/go-toml	v1.2.0		h1:5z9KED0ma1S8pY6P1sdut58dfprrGBbd/94hg7ilaic=	core/go.sum
github.com/pelletier/go-toml	v1.6.0		h1:5N711Q9dKgbdkxHL+MEfF31hpT7l0S0s/t2kKREewys=	core/go.sum
github.com/pelletier/go-toml/v2	v2.2.2	h1:aYUidT7k73Pcl9nb2gScu7NSrKCSHIDE89b3+6Wq+LM=	h1:1t835xjRzz80PqgE6HHgN2JOsmgYu/h4qDAS4n929Rs=	xroad-service/go.sum;xroad-service/go.sum
github.com/pkg/errors	v0.8.0		h1:bwawxfHBFNV+L2hUp1rHADufV3IMtnDRdf1r5NINEl0=	core/go.sum
github.com/pkg/errors	v0.8.1	h1:iURUrRGxPUNPdy5/HRSm+Yj6okJ6UtLINN0Q9M4+h3I=	h1:bwawxfHBFNV+L2hUp1rHADufV3IMtnDRdf1r5NINEl0=	choices/go.sum;choices/go.sum;common/collector/go.sum;core/go.sum;mid/go.sum;mid/go.sum;sessionstatus/api/go.sum;sessionstatus/api/go.sum;sessionstatus/go.sum;sessionstatus/go.sum;smartid/go.sum;smartid/go.sum;storage/go.sum;storage/go.sum;verification/go.sum;verification/go.sum;votesorder/go.sum;votesorder/go.sum;voting/go.sum;webeid/go.sum;webeid/go.sum
github.com/pkg/errors	v0.9.1	h1:FEBLx1zS214owpjy7qsBeixbURkuhQAwrK5UwLGTwt4=	h1:bwawxfHBFNV+L2hUp1rHADufV3IMtnDRdf1r5NINEl0=	common/collector/go.sum;common/collector/go.sum;core/go.sum;core/go.sum;voting/go.sum;voting/go.sum
github.com/plar/go-adaptive-radix-tree	v1.0.4	h1:Ucd8R6RH2E7RW8ZtDKrsWyOD3paG2qqJO0I20WQ8oWQ=	h1:Ot8d28EII3i7Lv4PSvBlF8ejiD/CtRYDuPsySJbSaK8=	core/go.sum;core/go.sum
github.com/pmezard/go-difflib	v1.0.0	h1:4DBwDE0NGyQoBHbLQYPwSUPoCMWR5BEzIk/f1lZbAQM=	h1:iKH77koFhYxTK1pcRnkKkqfTogsbg7gZNVY4sRDYZ/4=	choices/go.sum;choices/go.sum;common/collector/go.sum;common/collector/go.sum;core/go.sum;core/go.sum;mid/go.sum;mid/go.sum;sessionstatus/api/go.sum;sessionstatus/api/go.sum;sessionstatus/go.sum;sessionstatus/go.sum;smartid/go.sum;smartid/go.sum;storage/go.sum;storage/go.sum;verification/go.sum;verification/go.sum;votesorder/go.sum;votesorder/go.sum;voting/go.sum;voting/go.sum;webeid/go.sum;webeid/go.sum;xroad-service/go.sum;xroad-service/go.sum
github.com/posener/complete	v1.1.1		h1:em0nMJCgc9GFtwrmVmEMR/ZL6WyhyjMBndrE9hABlRI=	core/go.sum
github.com/prologic/bitcask	v0.3.10	h1:HXygU8zCvW5gLpZ8aQECPk5iV/YQ3hcqdg/zVeES6s0=	h1:8RKJdbHLE7HFGLYSGu9slnYXSV7DMIucwVkaIYOk9GY=	core/go.sum;core/go.sum
github.com/prometheus/client_golang	v0.9.1		h1:7SWBe2y4D6OKWSNQJUaRYU/AaXPKyh/dDVn+NZz0KFw=	core/go.sum
github.com/prometheus/client_golang	v0.9.3		h1:/TN21ttK/J9q6uSwhBd54HahCDft0ttaMvbicHlPoso=	core/go.sum
github.com/prometheus/client_model	v0.0.0-20180712105110-5c3871d89910		h1:MbSGuTsp3dbXC40dX6PRTWyKYBIrTGTE9sqQNg2J8bo=	core/go.sum
github.com/prometheus/client_model	v0.0.0-20190129233127-fd36f4220a90		h1:xMI15A0UPsDsEKsMN9yxemIoYk6Tm2C1GtYGdfGttqA=	core/go.sum
github.com/prometheus/common	v0.0.0-20181113130724-41aa239b4cce		h1:daVV7qP5qjZbuso7PdcryaAu0sAZbrN9i7WWcTMWvro=	core/go.sum
github.com/prometheus/common	v0.4.0		h1:TNfzLD0ON7rHzMJeJkieUDPYmFC7Snx/y86RQel1bk4=	core/go.sum
github.com/prometheus/procfs	v0.0.0-20181005140218-185b4288413d		h1:c3At6R/oaqEKCNdg8wHV1ftS6bRYblBhIjjI8uT2IGk=	core/go.sum
github.com/prometheus/procfs	v0.0.0-20190507164030-5867b95ac084		h1:TjEm7ze935MbeOT/UhFTIMYKhuLP4wbCsTZCD3I8kEA=	core/go.sum
github.com/prometheus/tsdb	v0.7.1		h1:qhTCs0VvXwvX/y3TZrWD7rabWM+ijKTux40TwIPHuXU=	core/go.sum
github.com/rogpeppe/fastuuid	v0.0.0-20150106093220-6724a57986af		h1:XWv6SoW27p1b0cqNHllgS5HIMJraePCO15w5zCzIWYg=	core/go.sum
github.com/rogpeppe/go-internal	v1.3.0		h1:M8bDsm7K2OlrFYOpmOWEs/qY81heoFRclV5y23lUDJ4=	core/go.sum
github.com/russross/blackfriday/v2	v2.0.1		h1:+Rmxgy9KzJVeS9/2gXHxylqXiyQDYRxCVz55jmeOWTM=	core/go.sum
github.com/ryanuber/columnize	v0.0.0-20160712163229-9b3edd62028f		h1:sm1tb6uqfes/u+d4ooFouqFdy9/2g9QGwK3SQygK0Ts=	core/go.sum
github.com/sean-/seed	v0.0.0-20170313163322-e2103e2c3529		h1:DxrIzT+xaE7yg65j358z/aeFdxmN0P9QXhEzd20vsDc=	core/go.sum
github.com/shurcooL/sanitized_anchor_name	v1.0.0		h1:1NzhyTcUVG4SuEtjjoZeVRXNmyL/1OwPU0+IJeTBvfc=	core/go.sum
github.com/sirupsen/logrus	v1.2.0		h1:LxeOpSwHxABJmUn/MG1IvRgCAasNZTLOkJPxbbu5VWo=	core/go.sum
github.com/sirupsen/logrus	v1.7.0		h1:yWOB1SBYBC5VeMP7gHvWumXLIWorT60ONWic61uBYv0=	core/go.sum
github.com/sirupsen/logrus	v1.9.3	h1:dueUQJ1C2q9oE3F7wvmSGAaVtTmUizReu6fjN8uqzbQ=	h1:naHLuLoDiP4jHNo9R0sCBMtWGeIprob74mVsIT4qYEQ=	xroad-service/go.sum;xroad-service/go.sum
github.com/smartystreets/assertions	v0.0.0-20180927180507-b2de0cb4f26d		h1:OnSkiWE9lh6wB0YB77sQom3nweQdgAjqCqsofrRNTgc=	core/go.sum
github.com/smartystreets/goconvey	v1.6.4		h1:syvi0/a8iFYH4r/RixwvyeAJjdLS9QV7WQ/tjFTllLA=	core/go.sum
github.com/soheilhy/cmux	v0.1.4		h1:IM3LyeVVIOuxMH7sFAkER9+bJ4dT7Ms6E4xg4kGIyLM=	core/go.sum
github.com/spaolacci/murmur3	v0.0.0-20180118202830-f09979ecbc72		h1:JwIasOWyU6f++ZhiEuf87xNszmSA2myDM2Kzu9HwQUA=	core/go.sum
github.com/spf13/afero	v1.1.2		h1:j4pytiNVoe2o6bmDsKpLACNPDBIoEAkihy7loJ1B0CQ=	core/go.sum
github.com/spf13/afero	v1.2.2		h1:9ZxEEn6pIJ8Rxe320qSDBk6AsU0r9pR7Q4OcevTdifk=	core/go.sum
github.com/spf13/cast	v1.3.0		h1:Qx5cxh0v+4UWYiBimWS+eyWzqEqokIECu5etghLkUJE=	core/go.sum
github.com/spf13/cast	v1.3.1		h1:Qx5cxh0v+4UWYiBimWS+eyWzqEqokIECu5etghLkUJE=	core/go.sum
github.com/spf13/cobra	v0.0.7		h1:/6GTrnGXV9HjY+aR4k0oJ5tcvakLuG6EuKReYlHNrgE=	core/go.sum
github.com/spf13/jwalterweatherman	v1.0.0		h1:cQK4TGJAtQXfYWX+Ddv3mKDzgVb68N+wFjFa4jdeBTo=	core/go.sum
github.com/spf13/jwalterweatherman	v1.1.0		h1:aNWZUN0dPAAO/Ljvb5BEdw96iTZ0EXowPYD95IqWIGo=	core/go.sum
github.com/spf13/pflag	v1.0.3		h1:DYY7MBk1bdzusC3SYhjObp+wFpr4gzcvqqNjLnInEg4=	core/go.sum
github.com/spf13/pflag	v1.0.5		h1:McXfInJRrz4CZXVZOBLb0bTZqETkiAhM9Iw0y3An2Bg=	core/go.sum
github.com/spf13/viper	v1.4.0		h1:PTJ7Z/lr49W6bUbkmS1V3by4uWynFiR9p7+dSq/yZzE=	core/go.sum
github.com/spf13/viper	v1.7.1		h1:8WkrPz2fc9jxqZNCJI/76HCieCp4Q8HaLFoCha5qpdg=	core/go.sum
github.com/stretchr/objx	v0.1.0		h1:HFkY916IF+rwdDfMAkV7OtwuqBVzrE8GR6GFx+wExME=	choices/go.sum;common/collector/go.sum;core/go.sum;mid/go.sum;sessionstatus/api/go.sum;sessionstatus/go.sum;smartid/go.sum;storage/go.sum;verification/go.sum;votesorder/go.sum;voting/go.sum;webeid/go.sum;xroad-service/go.sum
github.com/stretchr/objx	v0.1.1		h1:HFkY916IF+rwdDfMAkV7OtwuqBVzrE8GR6GFx+wExME=	core/go.sum
github.com/stretchr/objx	v0.2.0	h1:Hbg2NidpLE8veEBkEZTL3CvlkUIVzuU9jDplZO54c48=	h1:qt09Ya8vawLte6SNmTgCsAVtYtaKzEcn8ATUoHMkEqE=	core/go.sum;core/go.sum
github.com/stretchr/objx	v0.4.0		h1:YvHI0jy2hoMjB+UWwv71VJQ9isScKT/TqJzVSSt89Yw=	xroad-service/go.sum
github.com/stretchr/objx	v0.5.0		h1:Yh+to48EsGEfYuaHDzXPcE3xhTkx73EhmCGUpEOglKo=	xroad-service/go.sum
github.com/stretchr/objx	v0.5.2		h1:FRsXN1f5AsAjCGJKqEizvkpNtU+EGNCLh3NxZ/8L+MA=	xroad-service/go.sum
github.com/stretchr/testify	v1.2.2		h1:a8OnRcib4nhh0OaRAV+Yts87kKdq0PP7pXfy6kDkUVs=	core/go.sum
github.com/stretchr/testify	v1.3.0		h1:M5WIy9Dh21IEIfnGCwXGc5bZfKNJtfHm1UVUgZn+9EI=	choices/go.sum;common/collector/go.sum;core/go.sum;mid/go.sum;sessionstatus/api/go.sum;sessionstatus/go.sum;smartid/go.sum;storage/go.sum;verification/go.sum;votesorder/go.sum;voting/go.sum;webeid/go.sum;xroad-service/go.sum
github.com/stretchr/testify	v1.6.1	h1:hDPOHmpOpP40lSULcqw7IrRb/u7w6RpDC9399XyoNd0=	h1:6Fq8oRcR53rry900zMqJjRRixrwX3KX962/h/Wwjteg=	core/go.sum;core/go.sum
github.com/stretchr/testify	v1.7.0		h1:6Fq8oRcR53rry900zMqJjRRixrwX3KX962/h/Wwjteg=	choices/go.sum;common/collector/go.sum;mid/go.sum;sessionstatus/api/go.sum;sessionstatus/go.sum;smartid/go.sum;storage/go.sum;verification/go.sum;votesorder/go.sum;voting/go.sum;webeid/go.sum;xroad-service/go.sum
github.com/stretchr/testify	v1.7.1		h1:6Fq8oRcR53rry900zMqJjRRixrwX3KX962/h/Wwjteg=	xroad-service/go.sum
github.com/stretchr/testify	v1.8.0		h1:yNjHg4UonilssWZ8iaSj1OCr/vHnekPRkoO+kdMU+MU=	xroad-service/go.sum
github.com/stretchr/testify	v1.8.1		h1:w2LPCIKwWwSfY2zedu0+kehJoqGctiVI29o6fzry7u4=	xroad-service/go.sum
github.com/stretchr/testify	v1.8.4		h1:sz/lmYIOXD/1dqDmKjjqLyZ2RngseejIcXlSw2iwfAo=	xroad-service/go.sum
github.com/stretchr/testify	v1.9.0	h1:HtqpIVDClZ4nwg75+f6Lvsy/wHu+3BoSGCbBAcpTsTg=	h1:r2ic/lqez/lEtzL7wO/rwa5dbSLXVDPFyf8C91i36aY=	choices/go.sum;choices/go.sum;common/collector/go.sum;common/collector/go.sum;mid/go.sum;mid/go.sum;sessionstatus/api/go.sum;sessionstatus/api/go.sum;sessionstatus/go.sum;sessionstatus/go.sum;smartid/go.sum;smartid/go.sum;storage/go.sum;storage/go.sum;verification/go.sum;verification/go.sum;votesorder/go.sum;votesorder/go.sum;voting/go.sum;voting/go.sum;webeid/go.sum;webeid/go.sum;xroad-service/go.sum;xroad-service/go.sum
github.com/subosito/gotenv	v1.2.0		h1:N0PQaV/YGNqwC0u51sEeR/aUtSLEXKX9iv69rRypqCw=	core/go.sum
github.com/tidwall/btree	v0.2.2		h1:huei1BkDWJ3/sLXmO+bsCNELL+Bp2Kks9OLyQFkzvA8=	core/go.sum
github.com/tidwall/match	v1.0.1		h1:LujAq0jyVjBy028G1WhWfIzbpQfMO8bBZ6Tyb0+pL9E=	core/go.sum
github.com/tidwall/redcon	v1.4.0		h1:IGzxyoKE3Ea5AWIXo/ZHP+hzY8sWXaMKr7KlFgcWSZU=	core/go.sum
github.com/tmc/grpc-websocket-proxy	v0.0.0-20190109142713-0ad062ec5ee5		h1:ncp9v5uamzpCO7NfCPTXjqaC+bZgJeR0sMTm6dMHP7U=	core/go.sum
github.com/twitchyliquid64/golang-asm	v0.15.1	h1:SU5vSMR7hnwNxj24w34ZyCi/FmDZTkS4MhqMhdFk5YI=	h1:a1lVb/DtPvCB8fslRZhAngC2+aY1QWCk3Cedj/Gdt08=	xroad-service/go.sum;xroad-service/go.sum
github.com/ugorji/go	v1.1.4		h1:uQMGLiO92mf5W77hV/PUCpI3pbzQx3CRekS0kk+RGrc=	core/go.sum
github.com/ugorji/go/codec	v1.2.12	h1:9LC83zGrHhuUA9l16C9AHXAqEV/2wBQ4nkvumAE65EE=	h1:UNopzCgEMSXjBc6AOMqYvWC1ktqTAfzJZUZgYf6w6lg=	xroad-service/go.sum;xroad-service/go.sum
github.com/xiang90/probing	v0.0.0-20190116061207-43a291ad63a2		h1:UETIi67q53MR2AWcXfiuqkDkRtnGDLqkBTpCHuJHxtU=	core/go.sum
github.com/xordataexchange/crypt	v0.0.3-0.20170626215501-b2862e3d0a77		h1:aYKd//L2LvnjZzWKhF00oedf4jCCReLcmhLdhm1A27Q=	core/go.sum
github.com/yuin/goldmark	v1.1.27		h1:3hX8gzYuyVAZsxl0MRgGTJEmQBFcNTphYh9decYSb74=	choices/go.sum;common/collector/go.sum;mid/go.sum;sessionstatus/api/go.sum;sessionstatus/go.sum;smartid/go.sum;storage/go.sum;verification/go.sum;votesorder/go.sum;voting/go.sum;webeid/go.sum
github.com/yuin/goldmark	v1.2.1		h1:3hX8gzYuyVAZsxl0MRgGTJEmQBFcNTphYh9decYSb74=	choices/go.sum;common/collector/go.sum;mid/go.sum;sessionstatus/api/go.sum;sessionstatus/go.sum;smartid/go.sum;storage/go.sum;verification/go.sum;votesorder/go.sum;voting/go.sum;webeid/go.sum
go.etcd.io/bbolt	v1.3.2	h1:Z/90sZLPOeCy2PwprqkFa25PdkusRzaj9P8zm/KNyvk=	h1:IbVyRI1SCnLcuJnV2u8VeU0CEYM7e686BmAb1XKL+uU=	core/go.sum;core/go.sum
go.etcd.io/etcd/api/v3	v3.5.17	h1:cQB8eb8bxwuxOilBpMJAEo8fAONyrdXTHUNcMd8yT1w=	h1:d1hvkRuXkts6PmaYk2Vrgqbv7H4ADfAKhyJqHNLJCB4=	choices/go.sum;choices/go.sum;common/collector/go.sum;common/collector/go.sum;mid/go.sum;mid/go.sum;sessionstatus/api/go.sum;sessionstatus/api/go.sum;sessionstatus/go.sum;sessionstatus/go.sum;smartid/go.sum;smartid/go.sum;storage/go.sum;storage/go.sum;verification/go.sum;verification/go.sum;votesorder/go.sum;votesorder/go.sum;voting/go.sum;voting/go.sum;webeid/go.sum;webeid/go.sum
go.etcd.io/etcd/client/pkg/v3	v3.5.17	h1:XxnDXAWq2pnxqx76ljWwiQ9jylbpC4rvkAeRVOUKKVw=	h1:4DqK1TKacp/86nJk4FLQqo6Mn2vvQFBmruW3pP14H/w=	choices/go.sum;choices/go.sum;common/collector/go.sum;common/collector/go.sum;mid/go.sum;mid/go.sum;sessionstatus/api/go.sum;sessionstatus/api/go.sum;sessionstatus/go.sum;sessionstatus/go.sum;smartid/go.sum;smartid/go.sum;storage/go.sum;storage/go.sum;verification/go.sum;verification/go.sum;votesorder/go.sum;votesorder/go.sum;voting/go.sum;voting/go.sum;webeid/go.sum;webeid/go.sum
go.etcd.io/etcd/client/v3	v3.5.17	h1:o48sINNeWz5+pjy/Z0+HKpj/xSnBkuVhVvXkjEXbqZY=	h1:j2d4eXTHWkT2ClBgnnEPm/Wuu7jsqku41v9DZ3OtjQo=	choices/go.sum;choices/go.sum;common/collector/go.sum;common/collector/go.sum;mid/go.sum;mid/go.sum;sessionstatus/api/go.sum;sessionstatus/api/go.sum;sessionstatus/go.sum;sessionstatus/go.sum;smartid/go.sum;smartid/go.sum;storage/go.sum;storage/go.sum;verification/go.sum;verification/go.sum;votesorder/go.sum;votesorder/go.sum;voting/go.sum;voting/go.sum;webeid/go.sum;webeid/go.sum
go.opencensus.io	v0.21.0		h1:mSImk1erAIZhrmZN+AvHh14ztQfjbGwt4TtuofqLduU=	core/go.sum
go.opencensus.io	v0.22.0		h1:+kGneAE2xo2IficOXnaByMWTGM9T73dGwxeWcUqIpI8=	core/go.sum
go.uber.org/atomic	v1.4.0		h1:gD2HeocX3+yG+ygLZcrzQJaqmWj9AIm7n08wl/qW/PE=	core/go.sum
go.uber.org/atomic	v1.7.0	h1:ADUqmZGgLDDfbSL9ZmPxKTybcoEYHgpYfELNoN+7hsw=	h1:fEN4uk6kAWBTFdckzkM89CLk9XfWZrxpCo0nPH17wJc=	choices/go.sum;choices/go.sum;common/collector/go.sum;common/collector/go.sum;mid/go.sum;mid/go.sum;sessionstatus/api/go.sum;sessionstatus/api/go.sum;sessionstatus/go.sum;sessionstatus/go.sum;smartid/go.sum;smartid/go.sum;storage/go.sum;storage/go.sum;verification/go.sum;verification/go.sum;votesorder/go.sum;votesorder/go.sum;voting/go.sum;voting/go.sum;webeid/go.sum;webeid/go.sum
go.uber.org/multierr	v1.1.0		h1:wR5kodmAFQ0UK8QlbwjlSNy0Z68gJhDJUG5sjR94q/0=	core/go.sum
go.uber.org/multierr	v1.6.0	h1:y6IPFStTAIT5Ytl7/XYmHvzXQ7S3g/IeZW9hyZ5thw4=	h1:cdWPpRnG4AhwMwsgIHip0KRBQjJy5kYEpYjJxpXp9iU=	choices/go.sum;choices/go.sum;common/collector/go.sum;common/collector/go.sum;mid/go.sum;mid/go.sum;sessionstatus/api/go.sum;sessionstatus/api/go.sum;sessionstatus/go.sum;sessionstatus/go.sum;smartid/go.sum;smartid/go.sum;storage/go.sum;storage/go.sum;verification/go.sum;verification/go.sum;votesorder/go.sum;votesorder/go.sum;voting/go.sum;voting/go.sum;webeid/go.sum;webeid/go.sum
go.uber.org/zap	v1.10.0		h1:vwi/ZaCAaUcBkycHslxD9B2zi4UTXhF60s6SWpuDF0Q=	core/go.sum
go.uber.org/zap	v1.17.0	h1:MTjgFu6ZLKvY6Pvaqk97GlxNBuMpV4Hy/3P6tRGlI2U=	h1:MXVU+bhUf/A7Xi2HNOnopQOrmycQ5Ih87HtOu4q5SSo=	choices/go.sum;choices/go.sum;common/collector/go.sum;common/collector/go.sum;mid/go.sum;mid/go.sum;sessionstatus/api/go.sum;sessionstatus/api/go.sum;sessionstatus/go.sum;sessionstatus/go.sum;smartid/go.sum;smartid/go.sum;storage/go.sum;storage/go.sum;verification/go.sum;verification/go.sum;votesorder/go.sum;votesorder/go.sum;voting/go.sum;voting/go.sum;webeid/go.sum;webeid/go.sum
golang.org/x/arch	v0.0.0-20210923205945-b76863e36670		h1:5om86z9Hs0C8fWVUuoMHwpExlXzs5Tkyp9hOrfG7pp8=	xroad-service/go.sum
golang.org/x/arch	v0.8.0	h1:3wRIsP3pM4yUptoR96otTUOXI367OS0+c9eeRi9doIc=	h1:FEVrYAQjsQXMVJ1nsMoVVXPZg6p2JE2mx8psSWTDQys=	xroad-service/go.sum;xroad-service/go.sum
golang.org/x/crypto	v0.0.0-20180904163835-0709b304e793		h1:6SG95UA2DQfeDnfUPMdvaQW0Q7yPrPDi9nlGo2tz2b4=	core/go.sum
golang.org/x/crypto	v0.0.0-20181029021203-45a5f77698d3		h1:6SG95UA2DQfeDnfUPMdvaQW0Q7yPrPDi9nlGo2tz2b4=	core/go.sum
golang.org/x/crypto	v0.0.0-20190308221718-c2843e01d9a2		h1:djNgcEr1/C05ACkg1iLfiJU5Ep61QUkGW8qpdssI0+w=	choices/go.sum;common/collector/go.sum;core/go.sum;mid/go.sum;sessionstatus/api/go.sum;sessionstatus/go.sum;smartid/go.sum;storage/go.sum;verification/go.sum;votesorder/go.sum;voting/go.sum;webeid/go.sum
golang.org/x/crypto	v0.0.0-20190510104115-cbcb75029529		h1:yigFU9vqHzYiE8UmvKecakEJjdnWj3jj499lnFckfCI=	core/go.sum
golang.org/x/crypto	v0.0.0-20190605123033-f99c8df09eb5		h1:yigFU9vqHzYiE8UmvKecakEJjdnWj3jj499lnFckfCI=	core/go.sum
golang.org/x/crypto	v0.0.0-20191011191535-87dc89f01550		h1:yigFU9vqHzYiE8UmvKecakEJjdnWj3jj499lnFckfCI=	choices/go.sum;common/collector/go.sum;core/go.sum;mid/go.sum;sessionstatus/api/go.sum;sessionstatus/go.sum;smartid/go.sum;storage/go.sum;verification/go.sum;votesorder/go.sum;voting/go.sum;webeid/go.sum
golang.org/x/crypto	v0.0.0-20200622213623-75b288015ac9		h1:LzIPMQfyMNhhGPhUkYOs5KpL4U8rLKemX1yGLhDgUto=	choices/go.sum;common/collector/go.sum;mid/go.sum;sessionstatus/api/go.sum;sessionstatus/go.sum;smartid/go.sum;storage/go.sum;verification/go.sum;votesorder/go.sum;voting/go.sum;webeid/go.sum
golang.org/x/crypto	v0.11.1-0.20230711161743-2e82bdd1719d	h1:LiA25/KWKuXfIq5pMIBq1s5hz3HQxhJJSu/SUGlD+SM=	h1:xgJhtzW8F9jGdVFWZESrid1U1bjeNy4zgy5cRr/CIio=	core/go.sum;core/go.sum
golang.org/x/crypto	v0.23.0	h1:dIJU/v2J8Mdglj/8rJ6UUOM3Zc9zLZxVZwwxMooUSAI=	h1:CKFgDieR+mRhux2Lsu27y0fO304Db0wZe70UKqHu0v8=	xroad-service/go.sum;xroad-service/go.sum
golang.org/x/crypto	v0.27.0	h1:GXm2NjJrPaiv/h1tb2UH8QfgC/hOf/+z0p6PT8o1w7A=	h1:1Xngt8kV6Dvbssa53Ziq6Eqn0HqbZi5Z6R0ZpwQzt70=	common/collector/go.sum;common/collector/go.sum;voting/go.sum;voting/go.sum
golang.org/x/exp	v0.0.0-20190121172915-509febef88a4		h1:CJ0aWSM057203Lf6IL+f9T1iT9GByDxfZKAQTCR3kQA=	core/go.sum
golang.org/x/exp	v0.0.0-20190306152737-a1d7652674e8		h1:CJ0aWSM057203Lf6IL+f9T1iT9GByDxfZKAQTCR3kQA=	core/go.sum
golang.org/x/exp	v0.0.0-20190510132918-efd6b22b2522		h1:ZjyILWgesfNpC6sMxTJOJm9Kp84zZh5NQWvqDGG3Qr8=	core/go.sum
golang.org/x/exp	v0.0.0-20190829153037-c13cbed26979		h1:86+5VVa7VpoJ4kLfm080zCjGlMRFzhUhsZKEZO7MGek=	core/go.sum
golang.org/x/exp	v0.0.0-20191030013958-a1ab85dbe136		h1:JXzH8nQsPlswgeRAPE3MuO9GYsAcnJvJ4vnMwN/5qkY=	core/go.sum
golang.org/x/exp	v0.0.0-20200228211341-fcea875c7e85		h1:4M0jN8W1tt0AVLNr8HDosyJCDCDuyL9N9+3m7wDWgKw=	core/go.sum
golang.org/x/exp	v0.0.0-20221011201855-a3968a42eed6	h1:+hSdOdB7nHAFs+EDQXTvkJj7kUMugNAcE2x+BwxlVt4=	h1:cyybsKvd6eL0RnXn6p/Grxp8F5bW7iYuBgsNCOHpMYE=	core/go.sum;core/go.sum
golang.org/x/image	v0.0.0-20190227222117-0694c2d4d067		h1:kZ7UVZpmo3dzQBMxlp+ypCbDeSB+sBbTgSJuh5dn5js=	core/go.sum
golang.org/x/image	v0.0.0-20190802002840-cff245a6509b		h1:FeLwcggjj3mMvU+oOTbSwawSJRM1uh48EjtB4UJZlP0=	core/go.sum
golang.org/x/lint	v0.0.0-20181026193005-c67002cb31c3		h1:UVdnD1Gm6xHRNCYTkRU2/jEulfH38KcIWyp/GAMgvoE=	core/go.sum
golang.org/x/lint	v0.0.0-20190227174305-5b3e6a55c961		h1:wehouNa3lNwaWXcvxsM5YxQ5yQlVC4a0KAMCusXpPoU=	core/go.sum
golang.org/x/lint	v0.0.0-20190301231843-5614ed5bae6f		h1:UVdnD1Gm6xHRNCYTkRU2/jEulfH38KcIWyp/GAMgvoE=	core/go.sum
golang.org/x/lint	v0.0.0-20190313153728-d0100b6bd8b3		h1:6SW0HCj/g11FgYtHlgUYUwCkIfeOF89ocIRzGO/8vkc=	core/go.sum
golang.org/x/lint	v0.0.0-20190409202823-959b441ac422		h1:6SW0HCj/g11FgYtHlgUYUwCkIfeOF89ocIRzGO/8vkc=	core/go.sum
golang.org/x/lint	v0.0.0-20190909230951-414d861bb4ac		h1:6SW0HCj/g11FgYtHlgUYUwCkIfeOF89ocIRzGO/8vkc=	core/go.sum
golang.org/x/lint	v0.0.0-20190930215403-16217165b5de		h1:6SW0HCj/g11FgYtHlgUYUwCkIfeOF89ocIRzGO/8vkc=	core/go.sum
golang.org/x/mobile	v0.0.0-20190312151609-d3739f865fa6		h1:z+o9i4GpDbdi3rU15maQ/Ox0txvL9dWGYEHz965HBQE=	core/go.sum
golang.org/x/mobile	v0.0.0-20190719004257-d2bd2a29d028		h1:E/iHnbuqvinMTCcRqshq8CkpyQDoeVncDDYHnLhea+o=	core/go.sum
golang.org/x/mod	v0.0.0-20190513183733-4bf6d317e70e		h1:mXi4GBBbnImb6dmsKGUJ2LatrhH/nqhxcFungHvyanc=	core/go.sum
golang.org/x/mod	v0.1.0		h1:0QHyrYULN0/3qlju5TqG8bIK38QM8yzMo5ekMj3DlcY=	core/go.sum
golang.org/x/mod	v0.1.1-0.20191105210325-c90efee705ee		h1:QqPTAvyqsEbceGzBzNggFXnrqF1CaUcvgkdR5Ot7KZg=	core/go.sum
golang.org/x/mod	v0.1.1-0.20191107180719-034126e5016b		h1:QqPTAvyqsEbceGzBzNggFXnrqF1CaUcvgkdR5Ot7KZg=	core/go.sum
golang.org/x/mod	v0.2.0		h1:s0Qsj1ACt9ePp/hMypM3fl4fZqREWJwdYDEqhRiZZUA=	choices/go.sum;common/collector/go.sum;mid/go.sum;sessionstatus/api/go.sum;sessionstatus/go.sum;smartid/go.sum;storage/go.sum;verification/go.sum;votesorder/go.sum;voting/go.sum;webeid/go.sum
golang.org/x/mod	v0.3.0		h1:s0Qsj1ACt9ePp/hMypM3fl4fZqREWJwdYDEqhRiZZUA=	choices/go.sum;common/collector/go.sum;mid/go.sum;sessionstatus/api/go.sum;sessionstatus/go.sum;smartid/go.sum;storage/go.sum;verification/go.sum;votesorder/go.sum;voting/go.sum;webeid/go.sum
golang.org/x/net	v0.0.0-20180724234803-3673e40ba225		h1:mL1N/T3taQHkDXs73rZJwtUhF3w3ftmwwsq0BUmARs4=	core/go.sum
golang.org/x/net	v0.0.0-20180826012351-8a410e7b638d		h1:mL1N/T3taQHkDXs73rZJwtUhF3w3ftmwwsq0BUmARs4=	core/go.sum
golang.org/x/net	v0.0.0-20181023162649-9b4f9f5ad519		h1:mL1N/T3taQHkDXs73rZJwtUhF3w3ftmwwsq0BUmARs4=	core/go.sum
golang.org/x/net	v0.0.0-20181114220301-adae6a3d119a		h1:mL1N/T3taQHkDXs73rZJwtUhF3w3ftmwwsq0BUmARs4=	core/go.sum
golang.org/x/net	v0.0.0-20181201002055-351d144fa1fc		h1:mL1N/T3taQHkDXs73rZJwtUhF3w3ftmwwsq0BUmARs4=	core/go.sum
golang.org/x/net	v0.0.0-20181220203305-927f97764cc3		h1:mL1N/T3taQHkDXs73rZJwtUhF3w3ftmwwsq0BUmARs4=	core/go.sum
golang.org/x/net	v0.0.0-20190108225652-1e06a53dbb7e		h1:mL1N/T3taQHkDXs73rZJwtUhF3w3ftmwwsq0BUmARs4=	core/go.sum
golang.org/x/net	v0.0.0-20190213061140-3a22650c66bd		h1:mL1N/T3taQHkDXs73rZJwtUhF3w3ftmwwsq0BUmARs4=	core/go.sum
golang.org/x/net	v0.0.0-20190311183353-d8887717615a		h1:t9HGtf8HONx5eT2rtn7q6eTqICYqUVnKs3thJo3Qplg=	core/go.sum
golang.org/x/net	v0.0.0-20190404232315-eb5bcb51f2a3		h1:t9HGtf8HONx5eT2rtn7q6eTqICYqUVnKs3thJo3Qplg=	choices/go.sum;common/collector/go.sum;core/go.sum;mid/go.sum;sessionstatus/api/go.sum;sessionstatus/go.sum;smartid/go.sum;storage/go.sum;verification/go.sum;votesorder/go.sum;voting/go.sum;webeid/go.sum
golang.org/x/net	v0.0.0-20190501004415-9ce7a6920f09		h1:t9HGtf8HONx5eT2rtn7q6eTqICYqUVnKs3thJo3Qplg=	core/go.sum
golang.org/x/net	v0.0.0-20190503192946-f4e77d36d62c		h1:t9HGtf8HONx5eT2rtn7q6eTqICYqUVnKs3thJo3Qplg=	core/go.sum
golang.org/x/net	v0.0.0-20190522155817-f3200d17e092		h1:HSz+uSET+XFnRR8LxR5pz3Of3rY3CfYBVs4xY44aLks=	core/go.sum
golang.org/x/net	v0.0.0-20190603091049-60506f45cf65		h1:HSz+uSET+XFnRR8LxR5pz3Of3rY3CfYBVs4xY44aLks=	core/go.sum
golang.org/x/net	v0.0.0-20190620200207-3b0461eec859		h1:z5CRVTTTmAJ677TzLLGU+0bjPO0LkuOLi4/5GtJWs/s=	choices/go.sum;common/collector/go.sum;core/go.sum;mid/go.sum;sessionstatus/api/go.sum;sessionstatus/go.sum;smartid/go.sum;storage/go.sum;verification/go.sum;votesorder/go.sum;voting/go.sum;webeid/go.sum
golang.org/x/net	v0.0.0-20200226121028-0de0cce0169b		h1:z5CRVTTTmAJ677TzLLGU+0bjPO0LkuOLi4/5GtJWs/s=	choices/go.sum;common/collector/go.sum;mid/go.sum;sessionstatus/api/go.sum;sessionstatus/go.sum;smartid/go.sum;storage/go.sum;verification/go.sum;votesorder/go.sum;voting/go.sum;webeid/go.sum
golang.org/x/net	v0.0.0-20201021035429-f5854403a974		h1:sp8m0HH+o8qH0wwXwYZr8TS3Oi6o0r6Gce1SSxlDquU=	choices/go.sum;common/collector/go.sum;mid/go.sum;sessionstatus/api/go.sum;sessionstatus/go.sum;smartid/go.sum;storage/go.sum;verification/go.sum;votesorder/go.sum;voting/go.sum;webeid/go.sum
golang.org/x/net	v0.25.0	h1:d/OCCoBEUq33pjydKrGQhw7IlUPI2Oylr+8qLx49kac=	h1:JkAGAh7GEvH74S6FOH42FLoXpXbE/aqXSrIQjXgsiwM=	xroad-service/go.sum;xroad-service/go.sum
golang.org/x/net	v0.29.0	h1:5ORfpBpCs4HzDYoodCDBbwHzdR5UrLBZ3sOnUJmFoHo=	h1:gLkgy8jTGERgjzMic6DS9+SP0ajcu6Xu3Orq/SpETg0=	choices/go.sum;choices/go.sum;common/collector/go.sum;common/collector/go.sum;mid/go.sum;mid/go.sum;sessionstatus/api/go.sum;sessionstatus/api/go.sum;sessionstatus/go.sum;sessionstatus/go.sum;smartid/go.sum;smartid/go.sum;storage/go.sum;storage/go.sum;verification/go.sum;verification/go.sum;votesorder/go.sum;votesorder/go.sum;voting/go.sum;voting/go.sum;webeid/go.sum;webeid/go.sum
golang.org/x/oauth2	v0.0.0-20180821212333-d2e6202438be		h1:N/0e6XlmueqKjAGxoOufVs8QHGRruUQn6yWY3a++T0U=	core/go.sum
golang.org/x/oauth2	v0.0.0-20190226205417-e64efc72b421		h1:gOpvHmFTYa4IltrdGE7lF6nIHvwfUNPOp7c8zoXwtLw=	core/go.sum
golang.org/x/oauth2	v0.0.0-20190604053449-0f29369cfe45		h1:gOpvHmFTYa4IltrdGE7lF6nIHvwfUNPOp7c8zoXwtLw=	core/go.sum
golang.org/x/sync	v0.0.0-20180314180146-1d60e4601c6f		h1:RxMgew5VJxzue5/jJTE5uejpjVlOe/izrB70Jof72aM=	core/go.sum
golang.org/x/sync	v0.0.0-20181108010431-42b317875d0f		h1:RxMgew5VJxzue5/jJTE5uejpjVlOe/izrB70Jof72aM=	core/go.sum
golang.org/x/sync	v0.0.0-20181221193216-37e7f081c4d4		h1:RxMgew5VJxzue5/jJTE5uejpjVlOe/izrB70Jof72aM=	core/go.sum
golang.org/x/sync	v0.0.0-20190227155943-e225da77a7e6		h1:RxMgew5VJxzue5/jJTE5uejpjVlOe/izrB70Jof72aM=	core/go.sum
golang.org/x/sync	v0.0.0-20190423024810-112230192c58		h1:RxMgew5VJxzue5/jJTE5uejpjVlOe/izrB70Jof72aM=	choices/go.sum;common/collector/go.sum;core/go.sum;mid/go.sum;sessionstatus/api/go.sum;sessionstatus/go.sum;smartid/go.sum;storage/go.sum;verification/go.sum;votesorder/go.sum;voting/go.sum;webeid/go.sum
golang.org/x/sync	v0.0.0-20190911185100-cd5d95a43a6e		h1:RxMgew5VJxzue5/jJTE5uejpjVlOe/izrB70Jof72aM=	choices/go.sum;common/collector/go.sum;mid/go.sum;sessionstatus/api/go.sum;sessionstatus/go.sum;smartid/go.sum;storage/go.sum;verification/go.sum;votesorder/go.sum;voting/go.sum;webeid/go.sum
golang.org/x/sync	v0.0.0-20201020160332-67f06af15bc9		h1:RxMgew5VJxzue5/jJTE5uejpjVlOe/izrB70Jof72aM=	choices/go.sum;common/collector/go.sum;mid/go.sum;sessionstatus/api/go.sum;sessionstatus/go.sum;smartid/go.sum;storage/go.sum;verification/go.sum;votesorder/go.sum;voting/go.sum;webeid/go.sum
golang.org/x/sys	v0.0.0-20180823144017-11551d06cbcc		h1:STP8DvDyc/dI5b8T5hshtkjS+E42TnysNCUPdjciGhY=	core/go.sum
golang.org/x/sys	v0.0.0-20180830151530-49385e6e1522		h1:STP8DvDyc/dI5b8T5hshtkjS+E42TnysNCUPdjciGhY=	core/go.sum
golang.org/x/sys	v0.0.0-20180905080454-ebe1bf3edb33		h1:STP8DvDyc/dI5b8T5hshtkjS+E42TnysNCUPdjciGhY=	core/go.sum
golang.org/x/sys	v0.0.0-20181026203630-95b1ffbd15a5		h1:STP8DvDyc/dI5b8T5hshtkjS+E42TnysNCUPdjciGhY=	core/go.sum
golang.org/x/sys	v0.0.0-20181107165924-66b7b1311ac8		h1:STP8DvDyc/dI5b8T5hshtkjS+E42TnysNCUPdjciGhY=	core/go.sum
golang.org/x/sys	v0.0.0-20181116152217-5ac8a444bdc5		h1:STP8DvDyc/dI5b8T5hshtkjS+E42TnysNCUPdjciGhY=	core/go.sum
golang.org/x/sys	v0.0.0-20190215142949-d0b11bdaac8a		h1:STP8DvDyc/dI5b8T5hshtkjS+E42TnysNCUPdjciGhY=	choices/go.sum;common/collector/go.sum;core/go.sum;mid/go.sum;sessionstatus/api/go.sum;sessionstatus/go.sum;smartid/go.sum;storage/go.sum;verification/go.sum;votesorder/go.sum;voting/go.sum;webeid/go.sum
golang.org/x/sys	v0.0.0-20190312061237-fead79001313		h1:h1NjWce9XRLGQEsW7wpKNCjG9DtNlClVuFLEZdDNbEs=	core/go.sum
golang.org/x/sys	v0.0.0-20190412213103-97732733099d		h1:h1NjWce9XRLGQEsW7wpKNCjG9DtNlClVuFLEZdDNbEs=	choices/go.sum;common/collector/go.sum;core/go.sum;mid/go.sum;sessionstatus/api/go.sum;sessionstatus/go.sum;smartid/go.sum;storage/go.sum;verification/go.sum;votesorder/go.sum;voting/go.sum;webeid/go.sum
golang.org/x/sys	v0.0.0-20190502145724-3ef323f4f1fd		h1:h1NjWce9XRLGQEsW7wpKNCjG9DtNlClVuFLEZdDNbEs=	core/go.sum
golang.org/x/sys	v0.0.0-20190507160741-ecd444e8653b		h1:h1NjWce9XRLGQEsW7wpKNCjG9DtNlClVuFLEZdDNbEs=	core/go.sum
golang.org/x/sys	v0.0.0-20190606165138-5da285871e9c		h1:h1NjWce9XRLGQEsW7wpKNCjG9DtNlClVuFLEZdDNbEs=	core/go.sum
golang.org/x/sys	v0.0.0-20190624142023-c5567b49c5d0		h1:h1NjWce9XRLGQEsW7wpKNCjG9DtNlClVuFLEZdDNbEs=	core/go.sum
golang.org/x/sys	v0.0.0-20191001151750-bb3f8db39f24		h1:h1NjWce9XRLGQEsW7wpKNCjG9DtNlClVuFLEZdDNbEs=	core/go.sum
golang.org/x/sys	v0.0.0-20191026070338-33540a1f6037		h1:h1NjWce9XRLGQEsW7wpKNCjG9DtNlClVuFLEZdDNbEs=	core/go.sum
golang.org/x/sys	v0.0.0-20200302150141-5c8b2ff67527		h1:h1NjWce9XRLGQEsW7wpKNCjG9DtNlClVuFLEZdDNbEs=	core/go.sum
golang.org/x/sys	v0.0.0-20200930185726-fdedc70b468f		h1:h1NjWce9XRLGQEsW7wpKNCjG9DtNlClVuFLEZdDNbEs=	choices/go.sum;common/collector/go.sum;mid/go.sum;sessionstatus/api/go.sum;sessionstatus/go.sum;smartid/go.sum;storage/go.sum;verification/go.sum;votesorder/go.sum;voting/go.sum;webeid/go.sum
golang.org/x/sys	v0.0.0-20220715151400-c0bba94af5f8		h1:oPkhp1MJrh7nUepCBck5+mAzfO9JrbApNNgaTdGDITg=	xroad-service/go.sum
golang.org/x/sys	v0.10.0	h1:SqMFp9UcQJZa+pmYuAKjd9xq1f0j5rLcDIk0mj4qAsA=	h1:oPkhp1MJrh7nUepCBck5+mAzfO9JrbApNNgaTdGDITg=	core/go.sum;core/go.sum
golang.org/x/sys	v0.20.0	h1:Od9JTbYCk261bKm4M/mw7AklTlFYIa0bIp9BgSm1S8Y=	h1:/VUhepiaJMQUp4+oa/7Zr1D23ma6VTLIYjOOTFZPUcA=	xroad-service/go.sum;xroad-service/go.sum
golang.org/x/sys	v0.25.0	h1:r+8e+loiHxRqhXVl6ML1nO3l1+oFoWbnlu2Ehimmi34=	h1:/VUhepiaJMQUp4+oa/7Zr1D23ma6VTLIYjOOTFZPUcA=	choices/go.sum;choices/go.sum;common/collector/go.sum;common/collector/go.sum;mid/go.sum;mid/go.sum;sessionstatus/api/go.sum;sessionstatus/api/go.sum;sessionstatus/go.sum;sessionstatus/go.sum;smartid/go.sum;smartid/go.sum;storage/go.sum;storage/go.sum;verification/go.sum;verification/go.sum;votesorder/go.sum;votesorder/go.sum;voting/go.sum;voting/go.sum;webeid/go.sum;webeid/go.sum
golang.org/x/sys	v0.5.0		h1:oPkhp1MJrh7nUepCBck5+mAzfO9JrbApNNgaTdGDITg=	xroad-service/go.sum
golang.org/x/sys	v0.6.0		h1:oPkhp1MJrh7nUepCBck5+mAzfO9JrbApNNgaTdGDITg=	xroad-service/go.sum
golang.org/x/text	v0.15.0	h1:h1V/4gjBv8v9cjcR6+AR5+/cIYK5N/WAgiv4xlsEtAk=	h1:18ZOQIKpY8NJVqYksKHtTdi31H5itFRjB5/qKTNYzSU=	xroad-service/go.sum;xroad-service/go.sum
golang.org/x/text	v0.18.0	h1:XvMDiNzPAl0jr17s6W9lcaIhGUfUORdGCNsuLmPG224=	h1:BuEKDfySbSR4drPmRPG/7iBdf8hvFMuRexcpahXilzY=	choices/go.sum;choices/go.sum;common/collector/go.sum;common/collector/go.sum;mid/go.sum;mid/go.sum;sessionstatus/api/go.sum;sessionstatus/api/go.sum;sessionstatus/go.sum;sessionstatus/go.sum;smartid/go.sum;smartid/go.sum;storage/go.sum;storage/go.sum;verification/go.sum;verification/go.sum;votesorder/go.sum;votesorder/go.sum;voting/go.sum;voting/go.sum;webeid/go.sum;webeid/go.sum
golang.org/x/text	v0.3.0		h1:NqM8EUOU14njkJ3fqMW+pc6Ldnwhi/IjpwHt7yyuwOQ=	choices/go.sum;common/collector/go.sum;core/go.sum;mid/go.sum;sessionstatus/api/go.sum;sessionstatus/go.sum;smartid/go.sum;storage/go.sum;verification/go.sum;votesorder/go.sum;voting/go.sum;webeid/go.sum
golang.org/x/text	v0.3.1-0.20180807135948-17ff2d5776d2		h1:NqM8EUOU14njkJ3fqMW+pc6Ldnwhi/IjpwHt7yyuwOQ=	core/go.sum
golang.org/x/text	v0.3.2		h1:bEr9sfX3Q8Zfm5fL9x+3itogRgK3+ptLWKqgva+5dAk=	core/go.sum
golang.org/x/text	v0.3.3		h1:5Zoc/QRtKVWzQhOtBMvqHzDpF6irO9z98xDceosuGiQ=	choices/go.sum;common/collector/go.sum;mid/go.sum;sessionstatus/api/go.sum;sessionstatus/go.sum;smartid/go.sum;storage/go.sum;verification/go.sum;votesorder/go.sum;voting/go.sum;webeid/go.sum
golang.org/x/time	v0.0.0-20181108054448-85acf8d2951c		h1:tRJNPiyCQ0inRvYxbN9jk5I+vvW/OXSQhTDSoE431IQ=	core/go.sum
golang.org/x/time	v0.0.0-20190308202827-9d24e82272b4		h1:tRJNPiyCQ0inRvYxbN9jk5I+vvW/OXSQhTDSoE431IQ=	core/go.sum
golang.org/x/tools	v0.0.0-20180221164845-07fd8470d635		h1:n7NCudcB/nEzxVGmLbDWY5pfWTLqBcC2KZ6jyYvM4mQ=	core/go.sum
golang.org/x/tools	v0.0.0-20180917221912-90fa682c2a6e		h1:n7NCudcB/nEzxVGmLbDWY5pfWTLqBcC2KZ6jyYvM4mQ=	choices/go.sum;common/collector/go.sum;core/go.sum;mid/go.sum;sessionstatus/api/go.sum;sessionstatus/go.sum;smartid/go.sum;storage/go.sum;verification/go.sum;votesorder/go.sum;voting/go.sum;webeid/go.sum
golang.org/x/tools	v0.0.0-20190114222345-bf090417da8b		h1:n7NCudcB/nEzxVGmLbDWY5pfWTLqBcC2KZ6jyYvM4mQ=	core/go.sum
golang.org/x/tools	v0.0.0-20190226205152-f727befe758c		h1:9Yl7xja0Znq3iFh3HoIrodX9oNMXvdceNzlUR8zjMvY=	core/go.sum
golang.org/x/tools	v0.0.0-20190311212946-11955173bddd		h1:LCzVGOaR6xXOjkQ3onu1FJEFr0SW1gC7cKk1uF8kGRs=	core/go.sum
golang.org/x/tools	v0.0.0-20190312151545-0bb0c0a6e846		h1:LCzVGOaR6xXOjkQ3onu1FJEFr0SW1gC7cKk1uF8kGRs=	core/go.sum
golang.org/x/tools	v0.0.0-20190312170243-e65039ee4138		h1:LCzVGOaR6xXOjkQ3onu1FJEFr0SW1gC7cKk1uF8kGRs=	core/go.sum
golang.org/x/tools	v0.0.0-20190328211700-ab21143f2384		h1:LCzVGOaR6xXOjkQ3onu1FJEFr0SW1gC7cKk1uF8kGRs=	core/go.sum
golang.org/x/tools	v0.0.0-20190425150028-36563e24a262		h1:RgjU9mgBXZiqYHBnxXauZ1Gv1EHHAz9KjViQ78xBX0Q=	core/go.sum
golang.org/x/tools	v0.0.0-20190506145303-2d16b83fe98c		h1:RgjU9mgBXZiqYHBnxXauZ1Gv1EHHAz9KjViQ78xBX0Q=	core/go.sum
golang.org/x/tools	v0.0.0-20190606124116-d0a3d012864b		h1:/rFqwRUd4F7ZHNgwSSTFct+R/Kf4OFW1sUzUTQQTgfc=	core/go.sum
golang.org/x/tools	v0.0.0-20190621195816-6e04913cbbac		h1:/rFqwRUd4F7ZHNgwSSTFct+R/Kf4OFW1sUzUTQQTgfc=	core/go.sum
golang.org/x/tools	v0.0.0-20190628153133-6cdbf07be9d0		h1:/rFqwRUd4F7ZHNgwSSTFct+R/Kf4OFW1sUzUTQQTgfc=	core/go.sum
golang.org/x/tools	v0.0.0-20190816200558-6889da9d5479		h1:b+2E5dAYhXwXZwtnZ6UAqBI28+e2cm9otk0dWdXHAEo=	core/go.sum
golang.org/x/tools	v0.0.0-20190911174233-4f2ddba30aff		h1:b+2E5dAYhXwXZwtnZ6UAqBI28+e2cm9otk0dWdXHAEo=	core/go.sum
golang.org/x/tools	v0.0.0-20191012152004-8de300cfc20a		h1:b+2E5dAYhXwXZwtnZ6UAqBI28+e2cm9otk0dWdXHAEo=	core/go.sum
golang.org/x/tools	v0.0.0-20191112195655-aa38f8e97acc		h1:b+2E5dAYhXwXZwtnZ6UAqBI28+e2cm9otk0dWdXHAEo=	core/go.sum
golang.org/x/tools	v0.0.0-20191119224855-298f0cb1881e		h1:b+2E5dAYhXwXZwtnZ6UAqBI28+e2cm9otk0dWdXHAEo=	choices/go.sum;common/collector/go.sum;mid/go.sum;sessionstatus/api/go.sum;sessionstatus/go.sum;smartid/go.sum;storage/go.sum;verification/go.sum;votesorder/go.sum;voting/go.sum;webeid/go.sum
golang.org/x/tools	v0.0.0-20200207183749-b753a1ba74fa		h1:TB2adYChydJhpapKDTa4BR/hXlZSLoq2Wpct/0txZ28=	core/go.sum
golang.org/x/tools	v0.0.0-20200619180055-7c47624df98f		h1:EkVYQZoAsY45+roYkvgYkIh4xh/qjgUK9TdY2XT94GE=	choices/go.sum;common/collector/go.sum;mid/go.sum;sessionstatus/api/go.sum;sessionstatus/go.sum;smartid/go.sum;storage/go.sum;verification/go.sum;votesorder/go.sum;voting/go.sum;webeid/go.sum
golang.org/x/tools	v0.0.0-20210106214847-113979e3529a		h1:emZCQorbCU4vsT4fOWvOPXz4eW1wZW4PmDk9uLelYpA=	choices/go.sum;common/collector/go.sum;mid/go.sum;sessionstatus/api/go.sum;sessionstatus/go.sum;smartid/go.sum;storage/go.sum;verification/go.sum;votesorder/go.sum;voting/go.sum;webeid/go.sum
golang.org/x/xerrors	v0.0.0-20190717185122-a985d3407aa7		h1:I/5z698sn9Ka8TeJc9MKroUUfqBBauWjQqLJ2OPfmY0=	choices/go.sum;common/collector/go.sum;core/go.sum;mid/go.sum;sessionstatus/api/go.sum;sessionstatus/go.sum;smartid/go.sum;storage/go.sum;verification/go.sum;votesorder/go.sum;voting/go.sum;webeid/go.sum
golang.org/x/xerrors	v0.0.0-20191011141410-1b5146add898		h1:I/5z698sn9Ka8TeJc9MKroUUfqBBauWjQqLJ2OPfmY0=	choices/go.sum;common/collector/go.sum;core/go.sum;mid/go.sum;sessionstatus/api/go.sum;sessionstatus/go.sum;smartid/go.sum;storage/go.sum;verification/go.sum;votesorder/go.sum;voting/go.sum;webeid/go.sum
golang.org/x/xerrors	v0.0.0-20191204190536-9bdfabe68543	h1:E7g+9GITq07hpfrRu66IVDexMakfv52eLZ2CXBWiKr4=	h1:I/5z698sn9Ka8TeJc9MKroUUfqBBauWjQqLJ2OPfmY0=	choices/go.sum;common/collector/go.sum;mid/go.sum;sessionstatus/api/go.sum;sessionstatus/go.sum;smartid/go.sum;storage/go.sum;verification/go.sum;votesorder/go.sum;voting/go.sum;webeid/go.sum;xroad-service/go.sum;xroad-service/go.sum
golang.org/x/xerrors	v0.0.0-20200804184101-5ec99f83aff1		h1:I/5z698sn9Ka8TeJc9MKroUUfqBBauWjQqLJ2OPfmY0=	choices/go.sum;common/collector/go.sum;mid/go.sum;sessionstatus/api/go.sum;sessionstatus/go.sum;smartid/go.sum;storage/go.sum;verification/go.sum;votesorder/go.sum;voting/go.sum;webeid/go.sum
google.golang.org/api	v0.13.0		h1:iLdEw5Ide6rF15KTC1Kkl0iskquN2gFfn9o9XIsbkAI=	core/go.sum
google.golang.org/api	v0.4.0		h1:8k5glujaEP+g9n7WNsDg8QP6cUVNI86fCNMcbazEtwE=	core/go.sum
google.golang.org/api	v0.7.0		h1:WtwebWUNSVBH/HAw79HIFXZNqEvBhG+Ra+ax0hx3E3M=	core/go.sum
google.golang.org/api	v0.8.0		h1:o4eAsZoiT+ibD93RtjEohWalFOjRDx6CVaqeizhEnKg=	core/go.sum
google.golang.org/api	v0.9.0		h1:o4eAsZoiT+ibD93RtjEohWalFOjRDx6CVaqeizhEnKg=	core/go.sum
google.golang.org/appengine	v1.1.0		h1:EbEs0AVv82hx2wNQdGPgUI5lhzA/G0D9YwlJXL52JkM=	core/go.sum
google.golang.org/appengine	v1.4.0		h1:xpcJRLb0r/rnEns0DIKYYv+WjYCduHsrkT7/EB5XEv4=	core/go.sum
google.golang.org/appengine	v1.5.0		h1:xpcJRLb0r/rnEns0DIKYYv+WjYCduHsrkT7/EB5XEv4=	core/go.sum
google.golang.org/appengine	v1.6.1		h1:i06prIuMbXzDqacNJfV5OdTW448YApPu5ww/cMBSeb0=	core/go.sum
google.golang.org/genproto	v0.0.0-20180817151627-c66870c02cf8		h1:JiN7NxoALGmiZfu7CAH4rXhgtRTLTxftemlI0sWmxmc=	core/go.sum
google.golang.org/genproto	v0.0.0-20190307195333-5fe7a883aa19		h1:VzzqZJRnGkLBvHegQrXjBqPurQTc5/KpmUdxsrq26oE=	core/go.sum
google.golang.org/genproto	v0.0.0-20190418145605-e7d98fc518a7		h1:VzzqZJRnGkLBvHegQrXjBqPurQTc5/KpmUdxsrq26oE=	core/go.sum
google.golang.org/genproto	v0.0.0-20190425155659-357c62f0e4bb		h1:VzzqZJRnGkLBvHegQrXjBqPurQTc5/KpmUdxsrq26oE=	core/go.sum
google.golang.org/genproto	v0.0.0-20190502173448-54afdca5d873		h1:VzzqZJRnGkLBvHegQrXjBqPurQTc5/KpmUdxsrq26oE=	core/go.sum
google.golang.org/genproto	v0.0.0-20190801165951-fa694d86fc64		h1:DMBHOl98Agz4BDEuKkezgsaosCRResVns1a3J2ZsMNc=	core/go.sum
google.golang.org/genproto	v0.0.0-20190819201941-24fa4b261c55		h1:DMBHOl98Agz4BDEuKkezgsaosCRResVns1a3J2ZsMNc=	core/go.sum
google.golang.org/genproto	v0.0.0-20190911173649-1774047e7e51		h1:IbNlFCBrqXvoKpeg0TB2l7cyZUmoaFKYIwrEpbDKLA8=	core/go.sum
google.golang.org/genproto	v0.0.0-20191108220845-16a3f7862a1a		h1:n3cpQtvxv34hfy77yVDNjmbRyujviMdxYliBSkLhpCc=	core/go.sum
google.golang.org/genproto/googleapis/api	v0.0.0-20240903143218-8af14fe29dc1	h1:hjSy6tcFQZ171igDaN5QHOw2n6vx40juYbC/x67CEhc=	h1:qpvKtACPCQhAdu3PyQgV4l3LMXZEtft7y8QcarRsp9I=	choices/go.sum;choices/go.sum;common/collector/go.sum;common/collector/go.sum;mid/go.sum;mid/go.sum;sessionstatus/api/go.sum;sessionstatus/api/go.sum;sessionstatus/go.sum;sessionstatus/go.sum;smartid/go.sum;smartid/go.sum;storage/go.sum;storage/go.sum;verification/go.sum;verification/go.sum;votesorder/go.sum;votesorder/go.sum;voting/go.sum;voting/go.sum;webeid/go.sum;webeid/go.sum
google.golang.org/genproto/googleapis/rpc	v0.0.0-20240903143218-8af14fe29dc1	h1:pPJltXNxVzT4pK9yD8vR9X75DaWYYmLGMsEvBfFQZzQ=	h1:UqMtugtsSgubUsoxbuAoiCXvqvErP7Gf0so0mK9tHxU=	choices/go.sum;choices/go.sum;common/collector/go.sum;common/collector/go.sum;mid/go.sum;mid/go.sum;sessionstatus/api/go.sum;sessionstatus/api/go.sum;sessionstatus/go.sum;sessionstatus/go.sum;smartid/go.sum;smartid/go.sum;storage/go.sum;storage/go.sum;verification/go.sum;verification/go.sum;votesorder/go.sum;votesorder/go.sum;voting/go.sum;voting/go.sum;webeid/go.sum;webeid/go.sum
google.golang.org/grpc	v1.19.0		h1:mqu4LbDTu4XGKhr4mRzUsmM4RtVoemTSY81AxZiDr8c=	core/go.sum
google.golang.org/grpc	v1.20.1		h1:10oTOabMzJvdu6/UiuZezV6QK5dSlG84ov/aaiqXj38=	core/go.sum
google.golang.org/grpc	v1.21.0		h1:oYelfM1adQP15Ek0mdvEgi9Df8B9CZIaU1084ijfRaM=	core/go.sum
google.golang.org/grpc	v1.21.1		h1:oYelfM1adQP15Ek0mdvEgi9Df8B9CZIaU1084ijfRaM=	core/go.sum
google.golang.org/grpc	v1.68.0	h1:aHQeeJbo8zAkAa3pRzrVjZlbz6uSfeOXlJNQM0RAbz0=	h1:fmSPC5AsjSBCK54MyHRx48kpOti1/jRfOlwEWywNjWA=	choices/go.sum;choices/go.sum;common/collector/go.sum;common/collector/go.sum;mid/go.sum;mid/go.sum;sessionstatus/api/go.sum;sessionstatus/api/go.sum;sessionstatus/go.sum;sessionstatus/go.sum;smartid/go.sum;smartid/go.sum;storage/go.sum;storage/go.sum;verification/go.sum;verification/go.sum;votesorder/go.sum;votesorder/go.sum;voting/go.sum;voting/go.sum;webeid/go.sum;webeid/go.sum
google.golang.org/protobuf	v1.34.1	h1:9ddQBjfCyZPOHPUiPxpYESBLc+T8P3E+Vo4IbKZgFWg=	h1:c6P6GXX6sHbq/GpV6MGZEdwhWPcYBgnhAHhKbcUYpos=	xroad-service/go.sum;xroad-service/go.sum
google.golang.org/protobuf	v1.34.2	h1:6xV6lTsCfpGD21XK49h7MhtcApnLqkfYgPcdHftf6hg=	h1:qYOHts0dSfpeUzUFpOMr/WGzszTmLH+DiWniOlNbLDw=	choices/go.sum;choices/go.sum;common/collector/go.sum;common/collector/go.sum;mid/go.sum;mid/go.sum;sessionstatus/api/go.sum;sessionstatus/api/go.sum;sessionstatus/go.sum;sessionstatus/go.sum;smartid/go.sum;smartid/go.sum;storage/go.sum;storage/go.sum;verification/go.sum;verification/go.sum;votesorder/go.sum;votesorder/go.sum;voting/go.sum;voting/go.sum;webeid/go.sum;webeid/go.sum
gopkg.in/alecthomas/kingpin.v2	v2.2.6		h1:FMv+mEhP44yOT+4EoQTLFTRgOQ1FBLkstjWtayDeSgw=	core/go.sum
gopkg.in/check.v1	v0.0.0-20161208181325-20d25e280405	h1:yhCVgyC4o1eVCa2tZl7eS0r+SDo693bJlVdllGtEeKM=	h1:Co6ibVJAznAaIkqp8huTwlJQCZ016jof/cbN4VW5Yz0=	choices/go.sum;common/collector/go.sum;core/go.sum;mid/go.sum;sessionstatus/api/go.sum;sessionstatus/go.sum;smartid/go.sum;storage/go.sum;verification/go.sum;votesorder/go.sum;voting/go.sum;webeid/go.sum;xroad-service/go.sum;xroad-service/go.sum
gopkg.in/check.v1	v1.0.0-20180628173108-788fd7840127		h1:Co6ibVJAznAaIkqp8huTwlJQCZ016jof/cbN4VW5Yz0=	core/go.sum
gopkg.in/errgo.v2	v2.1.0		h1:hNsd1EY+bozCKY1Ytp96fpM3vjJbqLJn88ws8XvfDNI=	core/go.sum
gopkg.in/ini.v1	v1.51.0		h1:pNLf8WUiyNEtQjuu5G5vTm06TEv9tsIgeAvK8hOrP4k=	core/go.sum
gopkg.in/ini.v1	v1.53.0		h1:pNLf8WUiyNEtQjuu5G5vTm06TEv9tsIgeAvK8hOrP4k=	core/go.sum
gopkg.in/resty.v1	v1.12.0		h1:mDo4pnntr5jdWRML875a/NmxYqAlA73dVijT2AXvQQo=	core/go.sum
gopkg.in/yaml.v2	v2.0.0-20170812160011-eb3733d160e7		h1:JAlM8MvJe8wmxCU4Bli9HhUf9+ttbYbLASfIpnQbh74=	core/go.sum
gopkg.in/yaml.v2	v2.2.1		h1:hI93XBmqTisBFMUTm0b8Fm+jr3Dg1NNxqwp+5A1VGuI=	core/go.sum
gopkg.in/yaml.v2	v2.2.2		h1:hI93XBmqTisBFMUTm0b8Fm+jr3Dg1NNxqwp+5A1VGuI=	core/go.sum
gopkg.in/yaml.v2	v2.2.4		h1:hI93XBmqTisBFMUTm0b8Fm+jr3Dg1NNxqwp+5A1VGuI=	core/go.sum
gopkg.in/yaml.v2	v2.2.8		h1:hI93XBmqTisBFMUTm0b8Fm+jr3Dg1NNxqwp+5A1VGuI=	choices/go.sum;common/collector/go.sum;mid/go.sum;sessionstatus/api/go.sum;sessionstatus/go.sum;smartid/go.sum;storage/go.sum;verification/go.sum;votesorder/go.sum;voting/go.sum;webeid/go.sum
gopkg.in/yaml.v2	v2.3.0		h1:hI93XBmqTisBFMUTm0b8Fm+jr3Dg1NNxqwp+5A1VGuI=	core/go.sum
gopkg.in/yaml.v2	v2.4.0	h1:D8xgwECY7CYvx+Y2n4sBz93Jn9JRvxdiyyo8CTfuKaY=	h1:RDklbk79AGWmwhnvt/jBztapEOGDOx6ZbXqjP6csGnQ=	choices/go.sum;choices/go.sum;common/collector/go.sum;common/collector/go.sum;mid/go.sum;mid/go.sum;sessionstatus/api/go.sum;sessionstatus/api/go.sum;sessionstatus/go.sum;sessionstatus/go.sum;smartid/go.sum;smartid/go.sum;storage/go.sum;storage/go.sum;verification/go.sum;verification/go.sum;votesorder/go.sum;votesorder/go.sum;voting/go.sum;voting/go.sum;webeid/go.sum;webeid/go.sum
gopkg.in/yaml.v3	v3.0.0-20200313102051-9f266ea9e77c	h1:dUUwHk2QECo/6vqA44rthZ8ie2QXMNeKRTHCNY2nXvo=	h1:K4uyk7z7BCEPqu6E+C64Yfv1cQ7kz7rIZviUmN+EgEM=	choices/go.sum;common/collector/go.sum;core/go.sum;core/go.sum;mid/go.sum;sessionstatus/api/go.sum;sessionstatus/go.sum;smartid/go.sum;storage/go.sum;verification/go.sum;votesorder/go.sum;voting/go.sum;webeid/go.sum;xroad-service/go.sum
gopkg.in/yaml.v3	v3.0.0-20210107192922-496545a6307b		h1:K4uyk7z7BCEPqu6E+C64Yfv1cQ7kz7rIZviUmN+EgEM=	choices/go.sum;common/collector/go.sum;mid/go.sum;sessionstatus/api/go.sum;sessionstatus/go.sum;smartid/go.sum;storage/go.sum;verification/go.sum;votesorder/go.sum;voting/go.sum;webeid/go.sum
gopkg.in/yaml.v3	v3.0.1	h1:fxVm/GzAzEWqLHuvctI91KS9hhNmmWOoWu0XTYJS7CA=	h1:K4uyk7z7BCEPqu6E+C64Yfv1cQ7kz7rIZviUmN+EgEM=	choices/go.sum;choices/go.sum;common/collector/go.sum;common/collector/go.sum;mid/go.sum;mid/go.sum;sessionstatus/api/go.sum;sessionstatus/api/go.sum;sessionstatus/go.sum;sessionstatus/go.sum;smartid/go.sum;smartid/go.sum;storage/go.sum;storage/go.sum;verification/go.sum;verification/go.sum;votesorder/go.sum;votesorder/go.sum;voting/go.sum;voting/go.sum;webeid/go.sum;webeid/go.sum;xroad-service/go.sum;xroad-service/go.sum
honnef.co/go/tools	v0.0.0-20190102054323-c2f93a96b099		h1:rf3lG4BRIbNafJWhAfAdb/ePZxsR/4RtNHQocxwk9r4=	core/go.sum
honnef.co/go/tools	v0.0.0-20190106161140-3f1c8253044a		h1:rf3lG4BRIbNafJWhAfAdb/ePZxsR/4RtNHQocxwk9r4=	core/go.sum
honnef.co/go/tools	v0.0.0-20190418001031-e561f6794a2a		h1:rf3lG4BRIbNafJWhAfAdb/ePZxsR/4RtNHQocxwk9r4=	core/go.sum
honnef.co/go/tools	v0.0.1-2019.2.3		h1:a3bituU0lyd329TUQxRnasdCoJDkEUEAqEt0JzvZhAg=	core/go.sum
nullprogram.com/x/optparse	v1.0.0		h1:KdyPE+Igbe0jQUrVfMqDMeJQIJZEuyV7pjYmp6pbG50=	xroad-service/go.sum
rsc.io/binaryregexp	v0.2.0		h1:qTv7/COck+e2FymRvadv62gMdZztPaShugOCi3I+8D8=	core/go.sum
rsc.io/pdf	v0.1.1		h1:n8OzWcQ6Sp37PL01nO98y4iUCRdTGarVfzxY20ICaU4=	xroad-service/go.sum
tivi.io/core	v0.2.2-0.20241127235149-149435f9e4f4	h1:NgIyqKugpgiIia6wiRM6I9E1XStcitd1x8wIs0z75f8=	h1:iVb6IvZMOrl1JPCwSkeVv7sV7Cd9cDjmyCg4xOvRL+w=	common/collector/go.sum;common/collector/go.sum;voting/go.sum;voting/go.sum
