root,name,version,relation,bundled,errors,graph_url,graph_http_status,graph_final_url,graph_sha256
ch.qos.cal10n:cal10n-api:0.8.1,ch.qos.cal10n:cal10n-api,0.8.1,SELF,False,[],https://api.deps.dev/v3/systems/maven/packages/ch.qos.cal10n%3Acal10n-api/versions/0.8.1:dependencies,200,https://api.deps.dev/v3/systems/maven/packages/ch.qos.cal10n%3Acal10n-api/versions/0.8.1:dependencies,57679ccbc8c6d5f410a0b57b2c4573ee33d49b4d5fdbd6f700a423076e1eca7f
ch.qos.logback.contrib:logback-jackson:0.1.5,ch.qos.logback.contrib:logback-jackson,0.1.5,SELF,False,[],https://api.deps.dev/v3/systems/maven/packages/ch.qos.logback.contrib%3Alogback-jackson/versions/0.1.5:dependencies,200,https://api.deps.dev/v3/systems/maven/packages/ch.qos.logback.contrib%3Alogback-jackson/versions/0.1.5:dependencies,f87d6ae1ac2999a6f49c0cd8cb1d6b1720916164c50082519b0c373b8ef016f7
ch.qos.logback.contrib:logback-jackson:0.1.5,ch.qos.logback.contrib:logback-json-core,0.1.5,DIRECT,False,[],https://api.deps.dev/v3/systems/maven/packages/ch.qos.logback.contrib%3Alogback-jackson/versions/0.1.5:dependencies,200,https://api.deps.dev/v3/systems/maven/packages/ch.qos.logback.contrib%3Alogback-jackson/versions/0.1.5:dependencies,f87d6ae1ac2999a6f49c0cd8cb1d6b1720916164c50082519b0c373b8ef016f7
ch.qos.logback.contrib:logback-jackson:0.1.5,ch.qos.logback:logback-core,1.1.3,INDIRECT,False,[],https://api.deps.dev/v3/systems/maven/packages/ch.qos.logback.contrib%3Alogback-jackson/versions/0.1.5:dependencies,200,https://api.deps.dev/v3/systems/maven/packages/ch.qos.logback.contrib%3Alogback-jackson/versions/0.1.5:dependencies,f87d6ae1ac2999a6f49c0cd8cb1d6b1720916164c50082519b0c373b8ef016f7
ch.qos.logback.contrib:logback-jackson:0.1.5,com.fasterxml.jackson.core:jackson-annotations,2.1.2,INDIRECT,False,[],https://api.deps.dev/v3/systems/maven/packages/ch.qos.logback.contrib%3Alogback-jackson/versions/0.1.5:dependencies,200,https://api.deps.dev/v3/systems/maven/packages/ch.qos.logback.contrib%3Alogback-jackson/versions/0.1.5:dependencies,f87d6ae1ac2999a6f49c0cd8cb1d6b1720916164c50082519b0c373b8ef016f7
ch.qos.logback.contrib:logback-jackson:0.1.5,com.fasterxml.jackson.core:jackson-core,2.1.3,INDIRECT,False,[],https://api.deps.dev/v3/systems/maven/packages/ch.qos.logback.contrib%3Alogback-jackson/versions/0.1.5:dependencies,200,https://api.deps.dev/v3/systems/maven/packages/ch.qos.logback.contrib%3Alogback-jackson/versions/0.1.5:dependencies,f87d6ae1ac2999a6f49c0cd8cb1d6b1720916164c50082519b0c373b8ef016f7
ch.qos.logback.contrib:logback-jackson:0.1.5,com.fasterxml.jackson.core:jackson-databind,2.1.3,DIRECT,False,[],https://api.deps.dev/v3/systems/maven/packages/ch.qos.logback.contrib%3Alogback-jackson/versions/0.1.5:dependencies,200,https://api.deps.dev/v3/systems/maven/packages/ch.qos.logback.contrib%3Alogback-jackson/versions/0.1.5:dependencies,f87d6ae1ac2999a6f49c0cd8cb1d6b1720916164c50082519b0c373b8ef016f7
ch.qos.logback.contrib:logback-json-classic:0.1.5,ch.qos.logback.contrib:logback-json-classic,0.1.5,SELF,False,[],https://api.deps.dev/v3/systems/maven/packages/ch.qos.logback.contrib%3Alogback-json-classic/versions/0.1.5:dependencies,200,https://api.deps.dev/v3/systems/maven/packages/ch.qos.logback.contrib%3Alogback-json-classic/versions/0.1.5:dependencies,533ad92c37e35e90b6fa6e54f641759d625b94c0dcfcc43400db13da43b157fb
ch.qos.logback.contrib:logback-json-classic:0.1.5,ch.qos.logback.contrib:logback-json-core,0.1.5,DIRECT,False,[],https://api.deps.dev/v3/systems/maven/packages/ch.qos.logback.contrib%3Alogback-json-classic/versions/0.1.5:dependencies,200,https://api.deps.dev/v3/systems/maven/packages/ch.qos.logback.contrib%3Alogback-json-classic/versions/0.1.5:dependencies,533ad92c37e35e90b6fa6e54f641759d625b94c0dcfcc43400db13da43b157fb
ch.qos.logback.contrib:logback-json-classic:0.1.5,ch.qos.logback:logback-classic,1.1.3,DIRECT,False,[],https://api.deps.dev/v3/systems/maven/packages/ch.qos.logback.contrib%3Alogback-json-classic/versions/0.1.5:dependencies,200,https://api.deps.dev/v3/systems/maven/packages/ch.qos.logback.contrib%3Alogback-json-classic/versions/0.1.5:dependencies,533ad92c37e35e90b6fa6e54f641759d625b94c0dcfcc43400db13da43b157fb
ch.qos.logback.contrib:logback-json-classic:0.1.5,ch.qos.logback:logback-core,1.1.3,INDIRECT,False,[],https://api.deps.dev/v3/systems/maven/packages/ch.qos.logback.contrib%3Alogback-json-classic/versions/0.1.5:dependencies,200,https://api.deps.dev/v3/systems/maven/packages/ch.qos.logback.contrib%3Alogback-json-classic/versions/0.1.5:dependencies,533ad92c37e35e90b6fa6e54f641759d625b94c0dcfcc43400db13da43b157fb
ch.qos.logback.contrib:logback-json-classic:0.1.5,org.slf4j:slf4j-api,1.7.7,INDIRECT,False,[],https://api.deps.dev/v3/systems/maven/packages/ch.qos.logback.contrib%3Alogback-json-classic/versions/0.1.5:dependencies,200,https://api.deps.dev/v3/systems/maven/packages/ch.qos.logback.contrib%3Alogback-json-classic/versions/0.1.5:dependencies,533ad92c37e35e90b6fa6e54f641759d625b94c0dcfcc43400db13da43b157fb
ch.qos.logback:logback-classic:1.5.12,ch.qos.logback:logback-classic,1.5.12,SELF,False,[],https://api.deps.dev/v3/systems/maven/packages/ch.qos.logback%3Alogback-classic/versions/1.5.12:dependencies,200,https://api.deps.dev/v3/systems/maven/packages/ch.qos.logback%3Alogback-classic/versions/1.5.12:dependencies,b5f6043fcb2fe21dab9bdf2c15c9daa350ca4b93b4ce03706bf3d8f9034249cd
ch.qos.logback:logback-classic:1.5.12,ch.qos.logback:logback-core,1.5.12,DIRECT,False,[],https://api.deps.dev/v3/systems/maven/packages/ch.qos.logback%3Alogback-classic/versions/1.5.12:dependencies,200,https://api.deps.dev/v3/systems/maven/packages/ch.qos.logback%3Alogback-classic/versions/1.5.12:dependencies,b5f6043fcb2fe21dab9bdf2c15c9daa350ca4b93b4ce03706bf3d8f9034249cd
ch.qos.logback:logback-classic:1.5.12,org.slf4j:slf4j-api,2.0.15,DIRECT,False,[],https://api.deps.dev/v3/systems/maven/packages/ch.qos.logback%3Alogback-classic/versions/1.5.12:dependencies,200,https://api.deps.dev/v3/systems/maven/packages/ch.qos.logback%3Alogback-classic/versions/1.5.12:dependencies,b5f6043fcb2fe21dab9bdf2c15c9daa350ca4b93b4ce03706bf3d8f9034249cd
com.fasterxml.jackson.core:jackson-databind:2.18.1,com.fasterxml.jackson.core:jackson-annotations,2.18.1,DIRECT,False,[],https://api.deps.dev/v3/systems/maven/packages/com.fasterxml.jackson.core%3Ajackson-databind/versions/2.18.1:dependencies,200,https://api.deps.dev/v3/systems/maven/packages/com.fasterxml.jackson.core%3Ajackson-databind/versions/2.18.1:dependencies,80360f9978a89494ade66e3d2b62d88ba0a92a29e45a9c940f792ab0ff2d3fec
com.fasterxml.jackson.core:jackson-databind:2.18.1,com.fasterxml.jackson.core:jackson-core,2.18.1,DIRECT,False,[],https://api.deps.dev/v3/systems/maven/packages/com.fasterxml.jackson.core%3Ajackson-databind/versions/2.18.1:dependencies,200,https://api.deps.dev/v3/systems/maven/packages/com.fasterxml.jackson.core%3Ajackson-databind/versions/2.18.1:dependencies,80360f9978a89494ade66e3d2b62d88ba0a92a29e45a9c940f792ab0ff2d3fec
com.fasterxml.jackson.core:jackson-databind:2.18.1,com.fasterxml.jackson.core:jackson-databind,2.18.1,SELF,False,[],https://api.deps.dev/v3/systems/maven/packages/com.fasterxml.jackson.core%3Ajackson-databind/versions/2.18.1:dependencies,200,https://api.deps.dev/v3/systems/maven/packages/com.fasterxml.jackson.core%3Ajackson-databind/versions/2.18.1:dependencies,80360f9978a89494ade66e3d2b62d88ba0a92a29e45a9c940f792ab0ff2d3fec
junit:junit:4.13.2,junit:junit,4.13.2,SELF,False,[],https://api.deps.dev/v3/systems/maven/packages/junit%3Ajunit/versions/4.13.2:dependencies,200,https://api.deps.dev/v3/systems/maven/packages/junit%3Ajunit/versions/4.13.2:dependencies,c54a850448dcabad2e88534530d7841ff66afbe641cfb21047d4aed95e2c95a8
junit:junit:4.13.2,org.hamcrest:hamcrest-core,1.3,DIRECT,False,[],https://api.deps.dev/v3/systems/maven/packages/junit%3Ajunit/versions/4.13.2:dependencies,200,https://api.deps.dev/v3/systems/maven/packages/junit%3Ajunit/versions/4.13.2:dependencies,c54a850448dcabad2e88534530d7841ff66afbe641cfb21047d4aed95e2c95a8
org.apache.commons:commons-collections4:4.4,org.apache.commons:commons-collections4,4.4,SELF,False,[],https://api.deps.dev/v3/systems/maven/packages/org.apache.commons%3Acommons-collections4/versions/4.4:dependencies,200,https://api.deps.dev/v3/systems/maven/packages/org.apache.commons%3Acommons-collections4/versions/4.4:dependencies,93fb955f25f0752699c3afa23524e97ac6592aff77ccda889ff7f1c2f6449078
org.apache.pdfbox:pdfbox:3.0.3,commons-logging:commons-logging,1.3.3,DIRECT,False,[],https://api.deps.dev/v3/systems/maven/packages/org.apache.pdfbox%3Apdfbox/versions/3.0.3:dependencies,200,https://api.deps.dev/v3/systems/maven/packages/org.apache.pdfbox%3Apdfbox/versions/3.0.3:dependencies,ab5711dc270d7e49d2309bbd1f5a42e7dfc1093db470c17c7a5113d02ac07c14
org.apache.pdfbox:pdfbox:3.0.3,org.apache.pdfbox:fontbox,3.0.3,DIRECT,False,[],https://api.deps.dev/v3/systems/maven/packages/org.apache.pdfbox%3Apdfbox/versions/3.0.3:dependencies,200,https://api.deps.dev/v3/systems/maven/packages/org.apache.pdfbox%3Apdfbox/versions/3.0.3:dependencies,ab5711dc270d7e49d2309bbd1f5a42e7dfc1093db470c17c7a5113d02ac07c14
org.apache.pdfbox:pdfbox:3.0.3,org.apache.pdfbox:pdfbox,3.0.3,SELF,False,[],https://api.deps.dev/v3/systems/maven/packages/org.apache.pdfbox%3Apdfbox/versions/3.0.3:dependencies,200,https://api.deps.dev/v3/systems/maven/packages/org.apache.pdfbox%3Apdfbox/versions/3.0.3:dependencies,ab5711dc270d7e49d2309bbd1f5a42e7dfc1093db470c17c7a5113d02ac07c14
org.apache.pdfbox:pdfbox:3.0.3,org.apache.pdfbox:pdfbox-io,3.0.3,DIRECT,False,[],https://api.deps.dev/v3/systems/maven/packages/org.apache.pdfbox%3Apdfbox/versions/3.0.3:dependencies,200,https://api.deps.dev/v3/systems/maven/packages/org.apache.pdfbox%3Apdfbox/versions/3.0.3:dependencies,ab5711dc270d7e49d2309bbd1f5a42e7dfc1093db470c17c7a5113d02ac07c14
org.bouncycastle:bcpkix-jdk15on:1.70,org.bouncycastle:bcpkix-jdk15on,1.70,SELF,False,[],https://api.deps.dev/v3/systems/maven/packages/org.bouncycastle%3Abcpkix-jdk15on/versions/1.70:dependencies,200,https://api.deps.dev/v3/systems/maven/packages/org.bouncycastle%3Abcpkix-jdk15on/versions/1.70:dependencies,13f0f118678a7657fe19b9936c6b00e8d5c6ce7b71d7712dbf9d83a06d0cabaa
org.bouncycastle:bcpkix-jdk15on:1.70,org.bouncycastle:bcprov-jdk15on,1.70,DIRECT,False,[],https://api.deps.dev/v3/systems/maven/packages/org.bouncycastle%3Abcpkix-jdk15on/versions/1.70:dependencies,200,https://api.deps.dev/v3/systems/maven/packages/org.bouncycastle%3Abcpkix-jdk15on/versions/1.70:dependencies,13f0f118678a7657fe19b9936c6b00e8d5c6ce7b71d7712dbf9d83a06d0cabaa
org.bouncycastle:bcpkix-jdk15on:1.70,org.bouncycastle:bcutil-jdk15on,1.70,DIRECT,False,[],https://api.deps.dev/v3/systems/maven/packages/org.bouncycastle%3Abcpkix-jdk15on/versions/1.70:dependencies,200,https://api.deps.dev/v3/systems/maven/packages/org.bouncycastle%3Abcpkix-jdk15on/versions/1.70:dependencies,13f0f118678a7657fe19b9936c6b00e8d5c6ce7b71d7712dbf9d83a06d0cabaa
org.bouncycastle:bcprov-jdk15on:1.70,org.bouncycastle:bcprov-jdk15on,1.70,SELF,False,[],https://api.deps.dev/v3/systems/maven/packages/org.bouncycastle%3Abcprov-jdk15on/versions/1.70:dependencies,200,https://api.deps.dev/v3/systems/maven/packages/org.bouncycastle%3Abcprov-jdk15on/versions/1.70:dependencies,c167dc58a13fba718625f2fb700ea547d0cff74810408b8c48c9abc43a140139
org.digidoc4j:digidoc4j:5.3.1,com.sun.activation:jakarta.activation,2.0.1,INDIRECT,False,[],https://api.deps.dev/v3/systems/maven/packages/org.digidoc4j%3Adigidoc4j/versions/5.3.1:dependencies,200,https://api.deps.dev/v3/systems/maven/packages/org.digidoc4j%3Adigidoc4j/versions/5.3.1:dependencies,7551385d628df2f8818043a9c803bbfc5a581739fe7f5f47a71c4e1ae8ba68a2
org.digidoc4j:digidoc4j:5.3.1,com.sun.istack:istack-commons-runtime,4.0.1,INDIRECT,False,[],https://api.deps.dev/v3/systems/maven/packages/org.digidoc4j%3Adigidoc4j/versions/5.3.1:dependencies,200,https://api.deps.dev/v3/systems/maven/packages/org.digidoc4j%3Adigidoc4j/versions/5.3.1:dependencies,7551385d628df2f8818043a9c803bbfc5a581739fe7f5f47a71c4e1ae8ba68a2
org.digidoc4j:digidoc4j:5.3.1,commons-cli:commons-cli,1.6.0,DIRECT,False,[],https://api.deps.dev/v3/systems/maven/packages/org.digidoc4j%3Adigidoc4j/versions/5.3.1:dependencies,200,https://api.deps.dev/v3/systems/maven/packages/org.digidoc4j%3Adigidoc4j/versions/5.3.1:dependencies,7551385d628df2f8818043a9c803bbfc5a581739fe7f5f47a71c4e1ae8ba68a2
org.digidoc4j:digidoc4j:5.3.1,commons-codec:commons-codec,1.16.1,DIRECT,False,[],https://api.deps.dev/v3/systems/maven/packages/org.digidoc4j%3Adigidoc4j/versions/5.3.1:dependencies,200,https://api.deps.dev/v3/systems/maven/packages/org.digidoc4j%3Adigidoc4j/versions/5.3.1:dependencies,7551385d628df2f8818043a9c803bbfc5a581739fe7f5f47a71c4e1ae8ba68a2
org.digidoc4j:digidoc4j:5.3.1,commons-io:commons-io,2.15.1,DIRECT,False,[],https://api.deps.dev/v3/systems/maven/packages/org.digidoc4j%3Adigidoc4j/versions/5.3.1:dependencies,200,https://api.deps.dev/v3/systems/maven/packages/org.digidoc4j%3Adigidoc4j/versions/5.3.1:dependencies,7551385d628df2f8818043a9c803bbfc5a581739fe7f5f47a71c4e1ae8ba68a2
org.digidoc4j:digidoc4j:5.3.1,commons-logging:commons-logging,1.2,INDIRECT,False,[],https://api.deps.dev/v3/systems/maven/packages/org.digidoc4j%3Adigidoc4j/versions/5.3.1:dependencies,200,https://api.deps.dev/v3/systems/maven/packages/org.digidoc4j%3Adigidoc4j/versions/5.3.1:dependencies,7551385d628df2f8818043a9c803bbfc5a581739fe7f5f47a71c4e1ae8ba68a2
org.digidoc4j:digidoc4j:5.3.1,jakarta.xml.bind:jakarta.xml.bind-api,3.0.1,INDIRECT,False,[],https://api.deps.dev/v3/systems/maven/packages/org.digidoc4j%3Adigidoc4j/versions/5.3.1:dependencies,200,https://api.deps.dev/v3/systems/maven/packages/org.digidoc4j%3Adigidoc4j/versions/5.3.1:dependencies,7551385d628df2f8818043a9c803bbfc5a581739fe7f5f47a71c4e1ae8ba68a2
org.digidoc4j:digidoc4j:5.3.1,org.apache.commons:commons-collections4,4.4,DIRECT,False,[],https://api.deps.dev/v3/systems/maven/packages/org.digidoc4j%3Adigidoc4j/versions/5.3.1:dependencies,200,https://api.deps.dev/v3/systems/maven/packages/org.digidoc4j%3Adigidoc4j/versions/5.3.1:dependencies,7551385d628df2f8818043a9c803bbfc5a581739fe7f5f47a71c4e1ae8ba68a2
org.digidoc4j:digidoc4j:5.3.1,org.apache.commons:commons-lang3,3.14.0,DIRECT,False,[],https://api.deps.dev/v3/systems/maven/packages/org.digidoc4j%3Adigidoc4j/versions/5.3.1:dependencies,200,https://api.deps.dev/v3/systems/maven/packages/org.digidoc4j%3Adigidoc4j/versions/5.3.1:dependencies,7551385d628df2f8818043a9c803bbfc5a581739fe7f5f47a71c4e1ae8ba68a2
org.digidoc4j:digidoc4j:5.3.1,org.apache.httpcomponents.client5:httpclient5,5.3.1,DIRECT,False,[],https://api.deps.dev/v3/systems/maven/packages/org.digidoc4j%3Adigidoc4j/versions/5.3.1:dependencies,200,https://api.deps.dev/v3/systems/maven/packages/org.digidoc4j%3Adigidoc4j/versions/5.3.1:dependencies,7551385d628df2f8818043a9c803bbfc5a581739fe7f5f47a71c4e1ae8ba68a2
org.digidoc4j:digidoc4j:5.3.1,org.apache.httpcomponents.core5:httpcore5,5.2.4,INDIRECT,False,[],https://api.deps.dev/v3/systems/maven/packages/org.digidoc4j%3Adigidoc4j/versions/5.3.1:dependencies,200,https://api.deps.dev/v3/systems/maven/packages/org.digidoc4j%3Adigidoc4j/versions/5.3.1:dependencies,7551385d628df2f8818043a9c803bbfc5a581739fe7f5f47a71c4e1ae8ba68a2
org.digidoc4j:digidoc4j:5.3.1,org.apache.httpcomponents.core5:httpcore5-h2,5.2.4,INDIRECT,False,[],https://api.deps.dev/v3/systems/maven/packages/org.digidoc4j%3Adigidoc4j/versions/5.3.1:dependencies,200,https://api.deps.dev/v3/systems/maven/packages/org.digidoc4j%3Adigidoc4j/versions/5.3.1:dependencies,7551385d628df2f8818043a9c803bbfc5a581739fe7f5f47a71c4e1ae8ba68a2
org.digidoc4j:digidoc4j:5.3.1,org.apache.pdfbox:fontbox,2.0.30,INDIRECT,False,[],https://api.deps.dev/v3/systems/maven/packages/org.digidoc4j%3Adigidoc4j/versions/5.3.1:dependencies,200,https://api.deps.dev/v3/systems/maven/packages/org.digidoc4j%3Adigidoc4j/versions/5.3.1:dependencies,7551385d628df2f8818043a9c803bbfc5a581739fe7f5f47a71c4e1ae8ba68a2
org.digidoc4j:digidoc4j:5.3.1,org.apache.pdfbox:pdfbox,2.0.30,INDIRECT,False,[],https://api.deps.dev/v3/systems/maven/packages/org.digidoc4j%3Adigidoc4j/versions/5.3.1:dependencies,200,https://api.deps.dev/v3/systems/maven/packages/org.digidoc4j%3Adigidoc4j/versions/5.3.1:dependencies,7551385d628df2f8818043a9c803bbfc5a581739fe7f5f47a71c4e1ae8ba68a2
org.digidoc4j:digidoc4j:5.3.1,org.apache.santuario:xmlsec,3.0.4,DIRECT,False,[],https://api.deps.dev/v3/systems/maven/packages/org.digidoc4j%3Adigidoc4j/versions/5.3.1:dependencies,200,https://api.deps.dev/v3/systems/maven/packages/org.digidoc4j%3Adigidoc4j/versions/5.3.1:dependencies,7551385d628df2f8818043a9c803bbfc5a581739fe7f5f47a71c4e1ae8ba68a2
org.digidoc4j:digidoc4j:5.3.1,org.bouncycastle:bcpkix-jdk18on,1.78.1,DIRECT,False,[],https://api.deps.dev/v3/systems/maven/packages/org.digidoc4j%3Adigidoc4j/versions/5.3.1:dependencies,200,https://api.deps.dev/v3/systems/maven/packages/org.digidoc4j%3Adigidoc4j/versions/5.3.1:dependencies,7551385d628df2f8818043a9c803bbfc5a581739fe7f5f47a71c4e1ae8ba68a2
org.digidoc4j:digidoc4j:5.3.1,org.bouncycastle:bcprov-jdk18on,1.78.1,DIRECT,False,[],https://api.deps.dev/v3/systems/maven/packages/org.digidoc4j%3Adigidoc4j/versions/5.3.1:dependencies,200,https://api.deps.dev/v3/systems/maven/packages/org.digidoc4j%3Adigidoc4j/versions/5.3.1:dependencies,7551385d628df2f8818043a9c803bbfc5a581739fe7f5f47a71c4e1ae8ba68a2
org.digidoc4j:digidoc4j:5.3.1,org.bouncycastle:bcutil-jdk18on,1.78.1,DIRECT,False,[],https://api.deps.dev/v3/systems/maven/packages/org.digidoc4j%3Adigidoc4j/versions/5.3.1:dependencies,200,https://api.deps.dev/v3/systems/maven/packages/org.digidoc4j%3Adigidoc4j/versions/5.3.1:dependencies,7551385d628df2f8818043a9c803bbfc5a581739fe7f5f47a71c4e1ae8ba68a2
org.digidoc4j:digidoc4j:5.3.1,org.digidoc4j.dss:dss-alert,6.0.d4j.2,INDIRECT,False,[],https://api.deps.dev/v3/systems/maven/packages/org.digidoc4j%3Adigidoc4j/versions/5.3.1:dependencies,200,https://api.deps.dev/v3/systems/maven/packages/org.digidoc4j%3Adigidoc4j/versions/5.3.1:dependencies,7551385d628df2f8818043a9c803bbfc5a581739fe7f5f47a71c4e1ae8ba68a2
org.digidoc4j:digidoc4j:5.3.1,org.digidoc4j.dss:dss-asic-cades,6.0.d4j.2,DIRECT,False,[],https://api.deps.dev/v3/systems/maven/packages/org.digidoc4j%3Adigidoc4j/versions/5.3.1:dependencies,200,https://api.deps.dev/v3/systems/maven/packages/org.digidoc4j%3Adigidoc4j/versions/5.3.1:dependencies,7551385d628df2f8818043a9c803bbfc5a581739fe7f5f47a71c4e1ae8ba68a2
org.digidoc4j:digidoc4j:5.3.1,org.digidoc4j.dss:dss-asic-common,6.0.d4j.2,DIRECT,False,[],https://api.deps.dev/v3/systems/maven/packages/org.digidoc4j%3Adigidoc4j/versions/5.3.1:dependencies,200,https://api.deps.dev/v3/systems/maven/packages/org.digidoc4j%3Adigidoc4j/versions/5.3.1:dependencies,7551385d628df2f8818043a9c803bbfc5a581739fe7f5f47a71c4e1ae8ba68a2
org.digidoc4j:digidoc4j:5.3.1,org.digidoc4j.dss:dss-asic-xades,6.0.d4j.2,DIRECT,False,[],https://api.deps.dev/v3/systems/maven/packages/org.digidoc4j%3Adigidoc4j/versions/5.3.1:dependencies,200,https://api.deps.dev/v3/systems/maven/packages/org.digidoc4j%3Adigidoc4j/versions/5.3.1:dependencies,7551385d628df2f8818043a9c803bbfc5a581739fe7f5f47a71c4e1ae8ba68a2
org.digidoc4j:digidoc4j:5.3.1,org.digidoc4j.dss:dss-cades,6.0.d4j.2,DIRECT,False,[],https://api.deps.dev/v3/systems/maven/packages/org.digidoc4j%3Adigidoc4j/versions/5.3.1:dependencies,200,https://api.deps.dev/v3/systems/maven/packages/org.digidoc4j%3Adigidoc4j/versions/5.3.1:dependencies,7551385d628df2f8818043a9c803bbfc5a581739fe7f5f47a71c4e1ae8ba68a2
org.digidoc4j:digidoc4j:5.3.1,org.digidoc4j.dss:dss-crl-parser,6.0.d4j.2,DIRECT,False,[],https://api.deps.dev/v3/systems/maven/packages/org.digidoc4j%3Adigidoc4j/versions/5.3.1:dependencies,200,https://api.deps.dev/v3/systems/maven/packages/org.digidoc4j%3Adigidoc4j/versions/5.3.1:dependencies,7551385d628df2f8818043a9c803bbfc5a581739fe7f5f47a71c4e1ae8ba68a2
org.digidoc4j:digidoc4j:5.3.1,org.digidoc4j.dss:dss-crl-parser-stream,6.0.d4j.2,DIRECT,False,[],https://api.deps.dev/v3/systems/maven/packages/org.digidoc4j%3Adigidoc4j/versions/5.3.1:dependencies,200,https://api.deps.dev/v3/systems/maven/packages/org.digidoc4j%3Adigidoc4j/versions/5.3.1:dependencies,7551385d628df2f8818043a9c803bbfc5a581739fe7f5f47a71c4e1ae8ba68a2
org.digidoc4j:digidoc4j:5.3.1,org.digidoc4j.dss:dss-crl-parser-x509crl,6.0.d4j.2,DIRECT,False,[],https://api.deps.dev/v3/systems/maven/packages/org.digidoc4j%3Adigidoc4j/versions/5.3.1:dependencies,200,https://api.deps.dev/v3/systems/maven/packages/org.digidoc4j%3Adigidoc4j/versions/5.3.1:dependencies,7551385d628df2f8818043a9c803bbfc5a581739fe7f5f47a71c4e1ae8ba68a2
org.digidoc4j:digidoc4j:5.3.1,org.digidoc4j.dss:dss-detailed-report-jaxb,6.0.d4j.2,DIRECT,False,[],https://api.deps.dev/v3/systems/maven/packages/org.digidoc4j%3Adigidoc4j/versions/5.3.1:dependencies,200,https://api.deps.dev/v3/systems/maven/packages/org.digidoc4j%3Adigidoc4j/versions/5.3.1:dependencies,7551385d628df2f8818043a9c803bbfc5a581739fe7f5f47a71c4e1ae8ba68a2
org.digidoc4j:digidoc4j:5.3.1,org.digidoc4j.dss:dss-diagnostic-jaxb,6.0.d4j.2,DIRECT,False,[],https://api.deps.dev/v3/systems/maven/packages/org.digidoc4j%3Adigidoc4j/versions/5.3.1:dependencies,200,https://api.deps.dev/v3/systems/maven/packages/org.digidoc4j%3Adigidoc4j/versions/5.3.1:dependencies,7551385d628df2f8818043a9c803bbfc5a581739fe7f5f47a71c4e1ae8ba68a2
org.digidoc4j:digidoc4j:5.3.1,org.digidoc4j.dss:dss-document,6.0.d4j.2,DIRECT,False,[],https://api.deps.dev/v3/systems/maven/packages/org.digidoc4j%3Adigidoc4j/versions/5.3.1:dependencies,200,https://api.deps.dev/v3/systems/maven/packages/org.digidoc4j%3Adigidoc4j/versions/5.3.1:dependencies,7551385d628df2f8818043a9c803bbfc5a581739fe7f5f47a71c4e1ae8ba68a2
org.digidoc4j:digidoc4j:5.3.1,org.digidoc4j.dss:dss-enumerations,6.0.d4j.2,INDIRECT,False,[],https://api.deps.dev/v3/systems/maven/packages/org.digidoc4j%3Adigidoc4j/versions/5.3.1:dependencies,200,https://api.deps.dev/v3/systems/maven/packages/org.digidoc4j%3Adigidoc4j/versions/5.3.1:dependencies,7551385d628df2f8818043a9c803bbfc5a581739fe7f5f47a71c4e1ae8ba68a2
org.digidoc4j:digidoc4j:5.3.1,org.digidoc4j.dss:dss-i18n,6.0.d4j.2,INDIRECT,False,[],https://api.deps.dev/v3/systems/maven/packages/org.digidoc4j%3Adigidoc4j/versions/5.3.1:dependencies,200,https://api.deps.dev/v3/systems/maven/packages/org.digidoc4j%3Adigidoc4j/versions/5.3.1:dependencies,7551385d628df2f8818043a9c803bbfc5a581739fe7f5f47a71c4e1ae8ba68a2
org.digidoc4j:digidoc4j:5.3.1,org.digidoc4j.dss:dss-jaxb-common,6.0.d4j.2,INDIRECT,False,[],https://api.deps.dev/v3/systems/maven/packages/org.digidoc4j%3Adigidoc4j/versions/5.3.1:dependencies,200,https://api.deps.dev/v3/systems/maven/packages/org.digidoc4j%3Adigidoc4j/versions/5.3.1:dependencies,7551385d628df2f8818043a9c803bbfc5a581739fe7f5f47a71c4e1ae8ba68a2
org.digidoc4j:digidoc4j:5.3.1,org.digidoc4j.dss:dss-jaxb-parsers,6.0.d4j.2,INDIRECT,False,[],https://api.deps.dev/v3/systems/maven/packages/org.digidoc4j%3Adigidoc4j/versions/5.3.1:dependencies,200,https://api.deps.dev/v3/systems/maven/packages/org.digidoc4j%3Adigidoc4j/versions/5.3.1:dependencies,7551385d628df2f8818043a9c803bbfc5a581739fe7f5f47a71c4e1ae8ba68a2
org.digidoc4j:digidoc4j:5.3.1,org.digidoc4j.dss:dss-model,6.0.d4j.2,DIRECT,False,[],https://api.deps.dev/v3/systems/maven/packages/org.digidoc4j%3Adigidoc4j/versions/5.3.1:dependencies,200,https://api.deps.dev/v3/systems/maven/packages/org.digidoc4j%3Adigidoc4j/versions/5.3.1:dependencies,7551385d628df2f8818043a9c803bbfc5a581739fe7f5f47a71c4e1ae8ba68a2
org.digidoc4j:digidoc4j:5.3.1,org.digidoc4j.dss:dss-pades,6.0.d4j.2,DIRECT,False,[],https://api.deps.dev/v3/systems/maven/packages/org.digidoc4j%3Adigidoc4j/versions/5.3.1:dependencies,200,https://api.deps.dev/v3/systems/maven/packages/org.digidoc4j%3Adigidoc4j/versions/5.3.1:dependencies,7551385d628df2f8818043a9c803bbfc5a581739fe7f5f47a71c4e1ae8ba68a2
org.digidoc4j:digidoc4j:5.3.1,org.digidoc4j.dss:dss-pades-pdfbox,6.0.d4j.2,DIRECT,False,[],https://api.deps.dev/v3/systems/maven/packages/org.digidoc4j%3Adigidoc4j/versions/5.3.1:dependencies,200,https://api.deps.dev/v3/systems/maven/packages/org.digidoc4j%3Adigidoc4j/versions/5.3.1:dependencies,7551385d628df2f8818043a9c803bbfc5a581739fe7f5f47a71c4e1ae8ba68a2
org.digidoc4j:digidoc4j:5.3.1,org.digidoc4j.dss:dss-policy-jaxb,6.0.d4j.2,DIRECT,False,[],https://api.deps.dev/v3/systems/maven/packages/org.digidoc4j%3Adigidoc4j/versions/5.3.1:dependencies,200,https://api.deps.dev/v3/systems/maven/packages/org.digidoc4j%3Adigidoc4j/versions/5.3.1:dependencies,7551385d628df2f8818043a9c803bbfc5a581739fe7f5f47a71c4e1ae8ba68a2
org.digidoc4j:digidoc4j:5.3.1,org.digidoc4j.dss:dss-service,6.0.d4j.2,DIRECT,False,[],https://api.deps.dev/v3/systems/maven/packages/org.digidoc4j%3Adigidoc4j/versions/5.3.1:dependencies,200,https://api.deps.dev/v3/systems/maven/packages/org.digidoc4j%3Adigidoc4j/versions/5.3.1:dependencies,7551385d628df2f8818043a9c803bbfc5a581739fe7f5f47a71c4e1ae8ba68a2
org.digidoc4j:digidoc4j:5.3.1,org.digidoc4j.dss:dss-simple-certificate-report-jaxb,6.0.d4j.2,INDIRECT,False,[],https://api.deps.dev/v3/systems/maven/packages/org.digidoc4j%3Adigidoc4j/versions/5.3.1:dependencies,200,https://api.deps.dev/v3/systems/maven/packages/org.digidoc4j%3Adigidoc4j/versions/5.3.1:dependencies,7551385d628df2f8818043a9c803bbfc5a581739fe7f5f47a71c4e1ae8ba68a2
org.digidoc4j:digidoc4j:5.3.1,org.digidoc4j.dss:dss-simple-report-jaxb,6.0.d4j.2,DIRECT,False,[],https://api.deps.dev/v3/systems/maven/packages/org.digidoc4j%3Adigidoc4j/versions/5.3.1:dependencies,200,https://api.deps.dev/v3/systems/maven/packages/org.digidoc4j%3Adigidoc4j/versions/5.3.1:dependencies,7551385d628df2f8818043a9c803bbfc5a581739fe7f5f47a71c4e1ae8ba68a2
org.digidoc4j:digidoc4j:5.3.1,org.digidoc4j.dss:dss-spi,6.0.d4j.2,DIRECT,False,[],https://api.deps.dev/v3/systems/maven/packages/org.digidoc4j%3Adigidoc4j/versions/5.3.1:dependencies,200,https://api.deps.dev/v3/systems/maven/packages/org.digidoc4j%3Adigidoc4j/versions/5.3.1:dependencies,7551385d628df2f8818043a9c803bbfc5a581739fe7f5f47a71c4e1ae8ba68a2
org.digidoc4j:digidoc4j:5.3.1,org.digidoc4j.dss:dss-token,6.0.d4j.2,DIRECT,False,[],https://api.deps.dev/v3/systems/maven/packages/org.digidoc4j%3Adigidoc4j/versions/5.3.1:dependencies,200,https://api.deps.dev/v3/systems/maven/packages/org.digidoc4j%3Adigidoc4j/versions/5.3.1:dependencies,7551385d628df2f8818043a9c803bbfc5a581739fe7f5f47a71c4e1ae8ba68a2
org.digidoc4j:digidoc4j:5.3.1,org.digidoc4j.dss:dss-tsl-validation,6.0.d4j.2,DIRECT,False,[],https://api.deps.dev/v3/systems/maven/packages/org.digidoc4j%3Adigidoc4j/versions/5.3.1:dependencies,200,https://api.deps.dev/v3/systems/maven/packages/org.digidoc4j%3Adigidoc4j/versions/5.3.1:dependencies,7551385d628df2f8818043a9c803bbfc5a581739fe7f5f47a71c4e1ae8ba68a2
org.digidoc4j:digidoc4j:5.3.1,org.digidoc4j.dss:dss-utils,6.0.d4j.2,DIRECT,False,[],https://api.deps.dev/v3/systems/maven/packages/org.digidoc4j%3Adigidoc4j/versions/5.3.1:dependencies,200,https://api.deps.dev/v3/systems/maven/packages/org.digidoc4j%3Adigidoc4j/versions/5.3.1:dependencies,7551385d628df2f8818043a9c803bbfc5a581739fe7f5f47a71c4e1ae8ba68a2
org.digidoc4j:digidoc4j:5.3.1,org.digidoc4j.dss:dss-utils-apache-commons,6.0.d4j.2,DIRECT,False,[],https://api.deps.dev/v3/systems/maven/packages/org.digidoc4j%3Adigidoc4j/versions/5.3.1:dependencies,200,https://api.deps.dev/v3/systems/maven/packages/org.digidoc4j%3Adigidoc4j/versions/5.3.1:dependencies,7551385d628df2f8818043a9c803bbfc5a581739fe7f5f47a71c4e1ae8ba68a2
org.digidoc4j:digidoc4j:5.3.1,org.digidoc4j.dss:dss-xades,6.0.d4j.2,DIRECT,False,[],https://api.deps.dev/v3/systems/maven/packages/org.digidoc4j%3Adigidoc4j/versions/5.3.1:dependencies,200,https://api.deps.dev/v3/systems/maven/packages/org.digidoc4j%3Adigidoc4j/versions/5.3.1:dependencies,7551385d628df2f8818043a9c803bbfc5a581739fe7f5f47a71c4e1ae8ba68a2
org.digidoc4j:digidoc4j:5.3.1,org.digidoc4j.dss:dss-xml-common,6.0.d4j.2,INDIRECT,False,[],https://api.deps.dev/v3/systems/maven/packages/org.digidoc4j%3Adigidoc4j/versions/5.3.1:dependencies,200,https://api.deps.dev/v3/systems/maven/packages/org.digidoc4j%3Adigidoc4j/versions/5.3.1:dependencies,7551385d628df2f8818043a9c803bbfc5a581739fe7f5f47a71c4e1ae8ba68a2
org.digidoc4j:digidoc4j:5.3.1,org.digidoc4j.dss:dss-xml-utils,6.0.d4j.2,INDIRECT,False,[],https://api.deps.dev/v3/systems/maven/packages/org.digidoc4j%3Adigidoc4j/versions/5.3.1:dependencies,200,https://api.deps.dev/v3/systems/maven/packages/org.digidoc4j%3Adigidoc4j/versions/5.3.1:dependencies,7551385d628df2f8818043a9c803bbfc5a581739fe7f5f47a71c4e1ae8ba68a2
org.digidoc4j:digidoc4j:5.3.1,org.digidoc4j.dss:specs-asic-manifest,6.0.d4j.2,INDIRECT,False,[],https://api.deps.dev/v3/systems/maven/packages/org.digidoc4j%3Adigidoc4j/versions/5.3.1:dependencies,200,https://api.deps.dev/v3/systems/maven/packages/org.digidoc4j%3Adigidoc4j/versions/5.3.1:dependencies,7551385d628df2f8818043a9c803bbfc5a581739fe7f5f47a71c4e1ae8ba68a2
org.digidoc4j:digidoc4j:5.3.1,org.digidoc4j.dss:specs-trusted-list,6.0.d4j.2,INDIRECT,False,[],https://api.deps.dev/v3/systems/maven/packages/org.digidoc4j%3Adigidoc4j/versions/5.3.1:dependencies,200,https://api.deps.dev/v3/systems/maven/packages/org.digidoc4j%3Adigidoc4j/versions/5.3.1:dependencies,7551385d628df2f8818043a9c803bbfc5a581739fe7f5f47a71c4e1ae8ba68a2
org.digidoc4j:digidoc4j:5.3.1,org.digidoc4j.dss:specs-validation-report,6.0.d4j.2,INDIRECT,False,[],https://api.deps.dev/v3/systems/maven/packages/org.digidoc4j%3Adigidoc4j/versions/5.3.1:dependencies,200,https://api.deps.dev/v3/systems/maven/packages/org.digidoc4j%3Adigidoc4j/versions/5.3.1:dependencies,7551385d628df2f8818043a9c803bbfc5a581739fe7f5f47a71c4e1ae8ba68a2
org.digidoc4j:digidoc4j:5.3.1,org.digidoc4j.dss:specs-xades,6.0.d4j.2,INDIRECT,False,[],https://api.deps.dev/v3/systems/maven/packages/org.digidoc4j%3Adigidoc4j/versions/5.3.1:dependencies,200,https://api.deps.dev/v3/systems/maven/packages/org.digidoc4j%3Adigidoc4j/versions/5.3.1:dependencies,7551385d628df2f8818043a9c803bbfc5a581739fe7f5f47a71c4e1ae8ba68a2
org.digidoc4j:digidoc4j:5.3.1,org.digidoc4j.dss:specs-xmldsig,6.0.d4j.2,INDIRECT,False,[],https://api.deps.dev/v3/systems/maven/packages/org.digidoc4j%3Adigidoc4j/versions/5.3.1:dependencies,200,https://api.deps.dev/v3/systems/maven/packages/org.digidoc4j%3Adigidoc4j/versions/5.3.1:dependencies,7551385d628df2f8818043a9c803bbfc5a581739fe7f5f47a71c4e1ae8ba68a2
org.digidoc4j:digidoc4j:5.3.1,org.digidoc4j.dss:validation-policy,6.0.d4j.2,DIRECT,False,[],https://api.deps.dev/v3/systems/maven/packages/org.digidoc4j%3Adigidoc4j/versions/5.3.1:dependencies,200,https://api.deps.dev/v3/systems/maven/packages/org.digidoc4j%3Adigidoc4j/versions/5.3.1:dependencies,7551385d628df2f8818043a9c803bbfc5a581739fe7f5f47a71c4e1ae8ba68a2
org.digidoc4j:digidoc4j:5.3.1,org.digidoc4j:ddoc4j,5.3.1,DIRECT,False,[],https://api.deps.dev/v3/systems/maven/packages/org.digidoc4j%3Adigidoc4j/versions/5.3.1:dependencies,200,https://api.deps.dev/v3/systems/maven/packages/org.digidoc4j%3Adigidoc4j/versions/5.3.1:dependencies,7551385d628df2f8818043a9c803bbfc5a581739fe7f5f47a71c4e1ae8ba68a2
org.digidoc4j:digidoc4j:5.3.1,org.digidoc4j:digidoc4j,5.3.1,SELF,False,[],https://api.deps.dev/v3/systems/maven/packages/org.digidoc4j%3Adigidoc4j/versions/5.3.1:dependencies,200,https://api.deps.dev/v3/systems/maven/packages/org.digidoc4j%3Adigidoc4j/versions/5.3.1:dependencies,7551385d628df2f8818043a9c803bbfc5a581739fe7f5f47a71c4e1ae8ba68a2
org.digidoc4j:digidoc4j:5.3.1,org.glassfish.jaxb:jaxb-core,3.0.2,DIRECT,False,[],https://api.deps.dev/v3/systems/maven/packages/org.digidoc4j%3Adigidoc4j/versions/5.3.1:dependencies,200,https://api.deps.dev/v3/systems/maven/packages/org.digidoc4j%3Adigidoc4j/versions/5.3.1:dependencies,7551385d628df2f8818043a9c803bbfc5a581739fe7f5f47a71c4e1ae8ba68a2
org.digidoc4j:digidoc4j:5.3.1,org.glassfish.jaxb:jaxb-runtime,3.0.2,DIRECT,False,[],https://api.deps.dev/v3/systems/maven/packages/org.digidoc4j%3Adigidoc4j/versions/5.3.1:dependencies,200,https://api.deps.dev/v3/systems/maven/packages/org.digidoc4j%3Adigidoc4j/versions/5.3.1:dependencies,7551385d628df2f8818043a9c803bbfc5a581739fe7f5f47a71c4e1ae8ba68a2
org.digidoc4j:digidoc4j:5.3.1,org.glassfish.jaxb:txw2,3.0.2,INDIRECT,False,[],https://api.deps.dev/v3/systems/maven/packages/org.digidoc4j%3Adigidoc4j/versions/5.3.1:dependencies,200,https://api.deps.dev/v3/systems/maven/packages/org.digidoc4j%3Adigidoc4j/versions/5.3.1:dependencies,7551385d628df2f8818043a9c803bbfc5a581739fe7f5f47a71c4e1ae8ba68a2
org.digidoc4j:digidoc4j:5.3.1,org.slf4j:slf4j-api,2.0.12,DIRECT,False,[],https://api.deps.dev/v3/systems/maven/packages/org.digidoc4j%3Adigidoc4j/versions/5.3.1:dependencies,200,https://api.deps.dev/v3/systems/maven/packages/org.digidoc4j%3Adigidoc4j/versions/5.3.1:dependencies,7551385d628df2f8818043a9c803bbfc5a581739fe7f5f47a71c4e1ae8ba68a2
org.digidoc4j:digidoc4j:5.3.1,org.yaml:snakeyaml,2.2,DIRECT,False,[],https://api.deps.dev/v3/systems/maven/packages/org.digidoc4j%3Adigidoc4j/versions/5.3.1:dependencies,200,https://api.deps.dev/v3/systems/maven/packages/org.digidoc4j%3Adigidoc4j/versions/5.3.1:dependencies,7551385d628df2f8818043a9c803bbfc5a581739fe7f5f47a71c4e1ae8ba68a2
org.glassfish.jaxb:jaxb-runtime:4.0.5,com.sun.istack:istack-commons-runtime,4.1.2,INDIRECT,False,[],https://api.deps.dev/v3/systems/maven/packages/org.glassfish.jaxb%3Ajaxb-runtime/versions/4.0.5:dependencies,200,https://api.deps.dev/v3/systems/maven/packages/org.glassfish.jaxb%3Ajaxb-runtime/versions/4.0.5:dependencies,e751513b0f087e13df1c876419f173ea878aca6f817d615996165e850377377b
org.glassfish.jaxb:jaxb-runtime:4.0.5,jakarta.activation:jakarta.activation-api,2.1.3,INDIRECT,False,[],https://api.deps.dev/v3/systems/maven/packages/org.glassfish.jaxb%3Ajaxb-runtime/versions/4.0.5:dependencies,200,https://api.deps.dev/v3/systems/maven/packages/org.glassfish.jaxb%3Ajaxb-runtime/versions/4.0.5:dependencies,e751513b0f087e13df1c876419f173ea878aca6f817d615996165e850377377b
org.glassfish.jaxb:jaxb-runtime:4.0.5,jakarta.xml.bind:jakarta.xml.bind-api,4.0.2,INDIRECT,False,[],https://api.deps.dev/v3/systems/maven/packages/org.glassfish.jaxb%3Ajaxb-runtime/versions/4.0.5:dependencies,200,https://api.deps.dev/v3/systems/maven/packages/org.glassfish.jaxb%3Ajaxb-runtime/versions/4.0.5:dependencies,e751513b0f087e13df1c876419f173ea878aca6f817d615996165e850377377b
org.glassfish.jaxb:jaxb-runtime:4.0.5,org.eclipse.angus:angus-activation,2.0.2,INDIRECT,False,[],https://api.deps.dev/v3/systems/maven/packages/org.glassfish.jaxb%3Ajaxb-runtime/versions/4.0.5:dependencies,200,https://api.deps.dev/v3/systems/maven/packages/org.glassfish.jaxb%3Ajaxb-runtime/versions/4.0.5:dependencies,e751513b0f087e13df1c876419f173ea878aca6f817d615996165e850377377b
org.glassfish.jaxb:jaxb-runtime:4.0.5,org.glassfish.jaxb:jaxb-core,4.0.5,DIRECT,False,[],https://api.deps.dev/v3/systems/maven/packages/org.glassfish.jaxb%3Ajaxb-runtime/versions/4.0.5:dependencies,200,https://api.deps.dev/v3/systems/maven/packages/org.glassfish.jaxb%3Ajaxb-runtime/versions/4.0.5:dependencies,e751513b0f087e13df1c876419f173ea878aca6f817d615996165e850377377b
org.glassfish.jaxb:jaxb-runtime:4.0.5,org.glassfish.jaxb:jaxb-runtime,4.0.5,SELF,False,[],https://api.deps.dev/v3/systems/maven/packages/org.glassfish.jaxb%3Ajaxb-runtime/versions/4.0.5:dependencies,200,https://api.deps.dev/v3/systems/maven/packages/org.glassfish.jaxb%3Ajaxb-runtime/versions/4.0.5:dependencies,e751513b0f087e13df1c876419f173ea878aca6f817d615996165e850377377b
org.glassfish.jaxb:jaxb-runtime:4.0.5,org.glassfish.jaxb:txw2,4.0.5,INDIRECT,False,[],https://api.deps.dev/v3/systems/maven/packages/org.glassfish.jaxb%3Ajaxb-runtime/versions/4.0.5:dependencies,200,https://api.deps.dev/v3/systems/maven/packages/org.glassfish.jaxb%3Ajaxb-runtime/versions/4.0.5:dependencies,e751513b0f087e13df1c876419f173ea878aca6f817d615996165e850377377b
org.hamcrest:hamcrest-library:3.0,org.hamcrest:hamcrest,3.0,INDIRECT,False,[],https://api.deps.dev/v3/systems/maven/packages/org.hamcrest%3Ahamcrest-library/versions/3.0:dependencies,200,https://api.deps.dev/v3/systems/maven/packages/org.hamcrest%3Ahamcrest-library/versions/3.0:dependencies,a4af5b59ac28910bd3f66518dae3f8b85dd74d9c2432df2311e5f4fcb35bfaa6
org.hamcrest:hamcrest-library:3.0,org.hamcrest:hamcrest-core,3.0,DIRECT,False,[],https://api.deps.dev/v3/systems/maven/packages/org.hamcrest%3Ahamcrest-library/versions/3.0:dependencies,200,https://api.deps.dev/v3/systems/maven/packages/org.hamcrest%3Ahamcrest-library/versions/3.0:dependencies,a4af5b59ac28910bd3f66518dae3f8b85dd74d9c2432df2311e5f4fcb35bfaa6
org.hamcrest:hamcrest-library:3.0,org.hamcrest:hamcrest-library,3.0,SELF,False,[],https://api.deps.dev/v3/systems/maven/packages/org.hamcrest%3Ahamcrest-library/versions/3.0:dependencies,200,https://api.deps.dev/v3/systems/maven/packages/org.hamcrest%3Ahamcrest-library/versions/3.0:dependencies,a4af5b59ac28910bd3f66518dae3f8b85dd74d9c2432df2311e5f4fcb35bfaa6
org.mockito:mockito-core:5.14.2,net.bytebuddy:byte-buddy,1.15.4,DIRECT,False,[],https://api.deps.dev/v3/systems/maven/packages/org.mockito%3Amockito-core/versions/5.14.2:dependencies,200,https://api.deps.dev/v3/systems/maven/packages/org.mockito%3Amockito-core/versions/5.14.2:dependencies,6bd4bc51f3a373be220ab92ed6668d40519bff9ef97b2c9b000de8c368fc32d8
org.mockito:mockito-core:5.14.2,net.bytebuddy:byte-buddy-agent,1.15.4,DIRECT,False,[],https://api.deps.dev/v3/systems/maven/packages/org.mockito%3Amockito-core/versions/5.14.2:dependencies,200,https://api.deps.dev/v3/systems/maven/packages/org.mockito%3Amockito-core/versions/5.14.2:dependencies,6bd4bc51f3a373be220ab92ed6668d40519bff9ef97b2c9b000de8c368fc32d8
org.mockito:mockito-core:5.14.2,org.mockito:mockito-core,5.14.2,SELF,False,[],https://api.deps.dev/v3/systems/maven/packages/org.mockito%3Amockito-core/versions/5.14.2:dependencies,200,https://api.deps.dev/v3/systems/maven/packages/org.mockito%3Amockito-core/versions/5.14.2:dependencies,6bd4bc51f3a373be220ab92ed6668d40519bff9ef97b2c9b000de8c368fc32d8
org.mockito:mockito-core:5.14.2,org.objenesis:objenesis,3.3,DIRECT,False,[],https://api.deps.dev/v3/systems/maven/packages/org.mockito%3Amockito-core/versions/5.14.2:dependencies,200,https://api.deps.dev/v3/systems/maven/packages/org.mockito%3Amockito-core/versions/5.14.2:dependencies,6bd4bc51f3a373be220ab92ed6668d40519bff9ef97b2c9b000de8c368fc32d8
org.yaml:snakeyaml:2.3,org.yaml:snakeyaml,2.3,SELF,False,[],https://api.deps.dev/v3/systems/maven/packages/org.yaml%3Asnakeyaml/versions/2.3:dependencies,200,https://api.deps.dev/v3/systems/maven/packages/org.yaml%3Asnakeyaml/versions/2.3:dependencies,e3643d52565ff25282aa9e4bbc2564cf8c39169c5bfdcbbd6a4e28206cbcee92
pl.pragmatists:JUnitParams:1.1.1,junit:junit,4.12,DIRECT,False,[],https://api.deps.dev/v3/systems/maven/packages/pl.pragmatists%3AJUnitParams/versions/1.1.1:dependencies,200,https://api.deps.dev/v3/systems/maven/packages/pl.pragmatists%3AJUnitParams/versions/1.1.1:dependencies,516c93866ee8f0b9824613a4ae1418dfdfe78d5e76281d57eaad61ef2dc866ad
pl.pragmatists:JUnitParams:1.1.1,org.hamcrest:hamcrest-core,1.3,INDIRECT,False,[],https://api.deps.dev/v3/systems/maven/packages/pl.pragmatists%3AJUnitParams/versions/1.1.1:dependencies,200,https://api.deps.dev/v3/systems/maven/packages/pl.pragmatists%3AJUnitParams/versions/1.1.1:dependencies,516c93866ee8f0b9824613a4ae1418dfdfe78d5e76281d57eaad61ef2dc866ad
pl.pragmatists:JUnitParams:1.1.1,pl.pragmatists:JUnitParams,1.1.1,SELF,False,[],https://api.deps.dev/v3/systems/maven/packages/pl.pragmatists%3AJUnitParams/versions/1.1.1:dependencies,200,https://api.deps.dev/v3/systems/maven/packages/pl.pragmatists%3AJUnitParams/versions/1.1.1:dependencies,516c93866ee8f0b9824613a4ae1418dfdfe78d5e76281d57eaad61ef2dc866ad
